product_code,product_name,category1,category2,description,image1,image2,image3,image4,image5,imageUrl6,imageUrl7,imageUrl8,imageUrl9,imageUrl10,video,availability,materials_and_dimensions,pageUrl,scrape_date,supplier
MALKIY SOFA,MALKIY SOFA,upholstery,Sofas,"
				<p></p><p></p>



MALKIY Sofa was named after a king and priest mentioned in the Book of Genesis whose name means justice and king of righteousness. This tuxedo red velvet sofa has legs in aged golden leaf, making it the perfect addition to a modern classic living room set. The MALKIY Tuxedo Velvet Sofa is sure to make a statement in any room it is in.



<br><p></p>			",https://www.brabbu.com/resources/images/products/149/gallery/malkiy-louge-sofa-modern-contemporary-furniture-1.jpg,https://www.brabbu.com/resources//images/products/149/gallery/previews/malkiy-louge-sofa-modern-contemporary-furniture-2.jpg,https://www.brabbu.com/resources//images/products/149/gallery/previews/malkiy-louge-sofa-modern-contemporary-furniture-3.jpg,https://www.brabbu.com/resources//images/products/149/gallery/previews/malkiy-louge-sofa-modern-contemporary-furniture-3.jpg,https://www.brabbu.com/resources//images/products/149/gallery/previews/malkiy-louge-sofa-modern-contemporary-furniture-3.jpg,https://www.brabbu.com/resources//images/products/149/gallery/previews/malkiy-louge-sofa-modern-contemporary-furniture-3.jpg,https://www.brabbu.com/resources//images/products/149/gallery/previews/malkiy-louge-sofa-modern-contemporary-furniture-3.jpg,https://www.brabbu.com/resources//images/products/149/gallery/previews/malkiy-louge-sofa-modern-contemporary-furniture-3.jpg,https://www.brabbu.com/resources//images/products/149/gallery/previews/malkiy-louge-sofa-modern-contemporary-furniture-3.jpg,https://www.brabbu.com/resources//images/products/149/gallery/previews/malkiy-louge-sofa-modern-contemporary-furniture-3.jpg,https://www.youtube.com/embed/fkz6-yCbrmQ?rel=0,Made by Order,"
                        DIMENSIONS<br>Width 220 cm | 86,61”<br>Depth 86 cm | 33,85”<br>Height 88 cm | 34,64”<br>Seat Height 50 cm | 19,68”<br>Seat Depth 52 cm | 20,47”<br>Armrest Height 66 cm | 25,98”<div><br><b></b>MATERIALS</div><div>FABRIC Cotton velvet BB MOSS I - colour 16</div><div>LEGS In aged golden leaf with gloss varnish.<b></b><br><br></div><div>FABRIC / LEATHER REQUEST<br>COM 14,5 mts | 551,2” (Standard width 1,40mts | 55”)<br>COL 223,3 sq ft<br><br></div>                        ",https://www.brabbu.com/product/upholstery/malkiy/sofa/,02/05/2023,brabbu
OTTAWA SOFA,OTTAWA SOFA,upholstery,Sofas,"
				<p></p><p></p>



Known as traders, the Ottawa is a Native American tribe from Manitoulin Island. This tribe inspired the creation of OTTAWA Sofa. Featuring synthetic leather upholstery and a frame bordered with bronze polished nails, this camelback sofa will give a contemporary touch to any room. The OTTAWA is a modern contemporary three seater black sofa making it the perfect addition to your living room design.



<br><p></p>			",https://www.brabbu.com/resources/images/products/153/gallery/ottawa-3-seater-sofa-modern-contemporary-furniture-2.jpg,https://www.brabbu.com/resources//images/products/153/gallery/previews/ottawa-3-seater-sofa-modern-contemporary-furniture-3.jpg,https://www.brabbu.com/resources//images/products/153/gallery/previews/ottawa-3-seater-sofa-modern-contemporary-furniture-1.jpg,https://www.brabbu.com/resources//images/products/153/gallery/previews/ottawa-3-seater-sofa-modern-contemporary-furniture-1.jpg,https://www.brabbu.com/resources//images/products/153/gallery/previews/ottawa-3-seater-sofa-modern-contemporary-furniture-1.jpg,https://www.brabbu.com/resources//images/products/153/gallery/previews/ottawa-3-seater-sofa-modern-contemporary-furniture-1.jpg,https://www.brabbu.com/resources//images/products/153/gallery/previews/ottawa-3-seater-sofa-modern-contemporary-furniture-1.jpg,https://www.brabbu.com/resources//images/products/153/gallery/previews/ottawa-3-seater-sofa-modern-contemporary-furniture-1.jpg,https://www.brabbu.com/resources//images/products/153/gallery/previews/ottawa-3-seater-sofa-modern-contemporary-furniture-1.jpg,https://www.brabbu.com/resources//images/products/153/gallery/previews/ottawa-3-seater-sofa-modern-contemporary-furniture-1.jpg,https://www.youtube.com/embed/sy7dce-fU6E?rel=0,Made by Order,"
                        DIMENSIONS<br>Width 220 cm | 86,61”<br>Depth 91 cm | 35,83”<br>Height 86 cm | 33,86”<br>Seat Height 42 cm | 16,53”<br>Seat Depth 67 cm | 26,38”<br>Armrest Height 62 cm | 24,41”<br><br><div>MATERIALS</div><div><b></b><b></b>FABRIC Synthetic leather BB LERIDA I - colour 10</div><div>LEGS In matte black lacquer.<b></b><br><br></div><div>FABRIC / LEATHER REQUEST<br>COM 14,5 mts | 570,86” (Standard width 1,40mts | 55”)<br>COL 223,3 sq ft<br><br></div>                        ",https://www.brabbu.com/product/upholstery/ottawa/sofa/,02/05/2023,brabbu
PLUM SOFA,PLUM SOFA,upholstery,Sofas,"
				<p></p><p></p>



PLUM is a throwback to the past with a contemporary touch. This fully upholstered leather sofa celebrates grandeur and opulence highlighted by the synthetic leather that surrounds it. The PLUM Leather Sofa will add a sophisticated feel as well as an extra touch of elegance to any modern living room set.



<br><p></p>			",https://www.brabbu.com/resources/images/products/155/gallery/plum-sofa-1.jpg,,,,,,,,,,https://www.youtube.com/embed/fkz6-yCbrmQ?rel=0,Made by Order,"
                        DIMENSIONS<br>Width 225 cm | 88,58”<br>Depth 95 cm | 37,40”<br>Height 80 cm | 31,5”<br>Seat height 42 cm | 16,54”<br>Seat Depth 62 cm | 24,41”<br>Armrest Height 55 cm | 21,85”<div><br>MATERIALS</div><div><b></b><b></b>FABRIC Natural leather BB REAL II - colour 08</div><div>BASE Fully upholstered.<b></b><br><br></div><div>FABRIC / LEATHER REQUEST<br>COM 11,5 mts | 452,75” (Standard width 1,40mts | 55”)<br>COL 177,1 sq ft<br><br></div>                        ",https://www.brabbu.com/product/upholstery/plum/sofa/,02/05/2023,brabbu
SAARI SOFA,SAARI SOFA,upholstery,Sofas,"
				<p>&nbsp;</p><p>&nbsp;</p><p>The Northern Lights are one of the most mesmerising natural phenomena in the world. Its beauty inspired our designers to create SAARI Sofa. Upholstered in cotton velvet and with a base in brushed aged brass matte, this blue lounge sofa will bring comfort and elegance to any living room set.&nbsp;<br>&nbsp;</p><p>&nbsp;</p>			",https://www.brabbu.com/resources/images/products/157/gallery/saari-velvet-sofa-modern-contemporary-furniture-1.jpg,https://www.brabbu.com/resources//images/products/157/gallery/previews/saari-velvet-sofa-modern-contemporary-furniture-2.jpg,https://www.brabbu.com/resources//images/products/157/gallery/previews/saari-velvet-sofa-modern-contemporary-furniture-4.jpg,https://www.brabbu.com/resources//images/products/157/gallery/previews/saari-velvet-sofa-modern-contemporary-furniture-4.jpg,https://www.brabbu.com/resources//images/products/157/gallery/previews/saari-velvet-sofa-modern-contemporary-furniture-4.jpg,https://www.brabbu.com/resources//images/products/157/gallery/previews/saari-velvet-sofa-modern-contemporary-furniture-4.jpg,https://www.brabbu.com/resources//images/products/157/gallery/previews/saari-velvet-sofa-modern-contemporary-furniture-4.jpg,https://www.brabbu.com/resources//images/products/157/gallery/previews/saari-velvet-sofa-modern-contemporary-furniture-4.jpg,https://www.brabbu.com/resources//images/products/157/gallery/previews/saari-velvet-sofa-modern-contemporary-furniture-4.jpg,https://www.brabbu.com/resources//images/products/157/gallery/previews/saari-velvet-sofa-modern-contemporary-furniture-4.jpg,https://www.youtube.com/embed/E6pzbsPdQOs?rel=0,Made by Order,"
                        DIMENSIONS<br>Width 212 cm |83,5”<br>Depth 84 cm | 33,1”<br>Height 87 cm | 34,3”<br>Seat Height 40 cm | 15,7”<br>Seat Depth&nbsp; 61 cm | 24” <br>Armrest Height 65 cm | 25,6”<div><br></div><div>FABRIC FOOTAGE</div><div>COM 12 mts | 472.44""</div><div>COL 184.8 sq ft<br><div><br>MATERIALS</div><div>FABRIC Cotton velvet BB MOSS VII - colour 44</div><div><b></b>BASE 

Brushed aged brass matte.</div><div><br></div><div><br></div></div>                        ",https://www.brabbu.com/product/upholstery/saari/sofa/,02/05/2023,brabbu
DAKOTA SINGLE SOFA,DAKOTA SINGLE SOFA,upholstery,Sofas,"
				<p>

</p><p></p>



The Dakota is a Native American tribe, they compose two of the three main subcultures of the Sioux people, and are typically divided into the Eastern Dakota and Western Dakota. BRABBU´s passion for the worldwide cultures aroused the desire to create DAKOTA Velvet Single Sofa, as a homage to this North-American indigenous tribe.



<br><p></p>			",https://www.brabbu.com/resources/images/products/168/gallery/dakota-single-sofa-1.jpg,,,,,,,,,,https://www.youtube.com/embed/fkz6-yCbrmQ?rel=0,In Stock,"
                        DIMENSIONS<br>Width 133 cm | 52,36”<br>Depth 105 cm | 41,33”<br>Height 89 cm | 35,03”<br>Seat Height 43 cm | 16,92”<br>Seat Height 72 cm | 28,34”<div>Arm Height 89 cm | 35,03""<br><div><br>MATERIALS</div><div>FABRIC Cotton velvet BB MOSS III - colour 23</div><div>BASE In matte aged brass.</div><div><br></div><div>FABRIC / LEATHER REQUEST<br>COM 10,5 mts | 413,38” (Standard width 1,40mts | 55”)<br>COL 161,7 sq ft<br><br></div></div>                        ",https://www.brabbu.com/product/upholstery/dakota/single-sofa/,02/05/2023,brabbu
OREAS SINGLE SOFA,OREAS SINGLE SOFA,upholstery,Sofas,"
				<p></p><p></p>



According to Greek mythology, Oreas is the God of the mountains. OREAS Single Sofa pays tribute to it. This channel-tufted single sofa is fully upholstered in soft cotton velvet, making it the perfect addition to any modern home design be it a living room, reading corner or even bedroom.



<br><p></p>			",https://www.brabbu.com/resources/images/products/152/gallery/oreas-single-sofa1.png,https://www.brabbu.com/resources//images/products/152/gallery/previews/oreas-single-sofa2.png,https://www.brabbu.com/resources//images/products/152/gallery/previews/oreas-single-sofa3.png,https://www.brabbu.com/resources//images/products/152/gallery/previews/oreas-single-sofa3.png,https://www.brabbu.com/resources//images/products/152/gallery/previews/oreas-single-sofa3.png,https://www.brabbu.com/resources//images/products/152/gallery/previews/oreas-single-sofa3.png,https://www.brabbu.com/resources//images/products/152/gallery/previews/oreas-single-sofa3.png,https://www.brabbu.com/resources//images/products/152/gallery/previews/oreas-single-sofa3.png,https://www.brabbu.com/resources//images/products/152/gallery/previews/oreas-single-sofa3.png,https://www.brabbu.com/resources//images/products/152/gallery/previews/oreas-single-sofa3.png,https://www.youtube.com/embed/E6pzbsPdQOs?rel=0,Made by Order,"
                        DIMENSIONS<br>Width 140 cm | 55,1”<br>Depth 100 cm | 39,4”<br>Height 84 cm | 31,1”<br>Seat Height 35 cm | 13,8”<br>Seat Depth 76 cm | 29,9”<div>Arm Height&nbsp;65 cm | 25,6”</div><div><br>MATERIALS</div><div>FABRIC Cotton velvet BB MOSS I - colour 35</div><div><b></b>LEGS Fully upholstered.<br>

</div><div><br>FABRIC / LEATHER REQUEST<br>COM 9 mts | 354,33” (Standard width 1,40mts | 55”)<br>COL 138,6 sq ft<br><br></div>                        ",https://www.brabbu.com/product/upholstery/oreas/single-sofa/,02/05/2023,brabbu
OTTER SINGLE SOFA,OTTER SINGLE SOFA,upholstery,Sofas,"
				<p>



Otters are known for being playful animals, with a high capacity to adapt to the environment. Inspired by the nature of this animal, the OTTER Single Sofa can adapt to any room and be an integral part of your interior design. This round shaped single sofa transmit both comfort and elegance, in any modern home decor.



<br></p>			",https://www.brabbu.com/resources/images/products/673/gallery/OTTER_SINGLE_SOFA_1.jpg,https://www.brabbu.com/resources//images/products/673/gallery/previews/OTTER_SINGLE_SOFA_2.jpg,https://www.brabbu.com/resources//images/products/673/gallery/previews/OTTER_SINGLE_SOFA_3.jpg,https://www.brabbu.com/resources//images/products/673/gallery/previews/OTTER_SINGLE_SOFA_3.jpg,https://www.brabbu.com/resources//images/products/673/gallery/previews/OTTER_SINGLE_SOFA_3.jpg,https://www.brabbu.com/resources//images/products/673/gallery/previews/OTTER_SINGLE_SOFA_3.jpg,https://www.brabbu.com/resources//images/products/673/gallery/previews/OTTER_SINGLE_SOFA_3.jpg,https://www.brabbu.com/resources//images/products/673/gallery/previews/OTTER_SINGLE_SOFA_3.jpg,https://www.brabbu.com/resources//images/products/673/gallery/previews/OTTER_SINGLE_SOFA_3.jpg,https://www.brabbu.com/resources//images/products/673/gallery/previews/OTTER_SINGLE_SOFA_3.jpg,https://www.youtube.com/embed/E6pzbsPdQOs?rel=0,Made by Order,"
                        DIMENSIONS<br>WIDTH 115 cm | 45,27”<br>DEPTH 102 cm | 40,15”<br>HEIGHT 78 cm | 30,70”&nbsp;<div>SEAT HEIGHT 43 cm | 16,92”<br>SEAT DEPTH 65 cm | 25,59”</div><div>ARMREST HEIGHT 63 cm | 24,80”<br><div><br></div><div>MATERIALS</div><div></div>

<div>Fabric cotton velvet BB MOSS XXVII - colour 6</div><div><b></b>Base in ash wood with wenge stain matte varnish.</div>

<div><b></b></div><div></div>

</div><div><br></div><div>FABRIC NEEDED&nbsp;</div><div>6 mts | 236,22” (Standard width 1,40mts | 55”)&nbsp;<br></div><div><br></div><div>FABRIC / LEATHER REQUEST&nbsp;<br></div><div>COM 6 mts | 236,22” (Standard width 1,40mts | 55”)<br>COL&nbsp;92,4 sq ft<br></div><div><br></div>                        ",https://www.brabbu.com/product/upholstery/otter/single-sofa/,02/05/2023,brabbu
PLUM SINGLE SOFA,PLUM SINGLE SOFA,upholstery,Sofas,"
				<p></p><p></p>





PLUM is a throwback to the past with a contemporary touch. This fully upholstered Single Sofa celebrates grandeur and opulence highlighted by the synthetic leather that surrounds it. Place it in a modern living room and this leather single sofa will instantly add a sophisticated feel.




<br><p></p>			",https://www.brabbu.com/resources/images/products/170/gallery/plum-single-sofa-540x505-1.jpg,https://www.brabbu.com/resources//images/products/170/gallery/previews/plum-single-sofa-167x93-2.jpg,https://www.brabbu.com/resources//images/products/170/gallery/previews/plum-single-sofa-167x93-3.jpg,https://www.brabbu.com/resources//images/products/170/gallery/previews/plum-single-sofa-167x93-3.jpg,https://www.brabbu.com/resources//images/products/170/gallery/previews/plum-single-sofa-167x93-3.jpg,https://www.brabbu.com/resources//images/products/170/gallery/previews/plum-single-sofa-167x93-3.jpg,https://www.brabbu.com/resources//images/products/170/gallery/previews/plum-single-sofa-167x93-3.jpg,https://www.brabbu.com/resources//images/products/170/gallery/previews/plum-single-sofa-167x93-3.jpg,https://www.brabbu.com/resources//images/products/170/gallery/previews/plum-single-sofa-167x93-3.jpg,https://www.brabbu.com/resources//images/products/170/gallery/previews/plum-single-sofa-167x93-3.jpg,https://www.youtube.com/embed/fkz6-yCbrmQ?rel=0,Made by Order,"
                        DIMENSIONS<br>Width 100 cm | 39,37”<br>Depth 95 cm | 37,40”<br>Height 83 cm | 32,67”<br>Seat Height 46 cm | 18,11”<br>Seat Depth 67 cm | 26,37”<br>Armrest Height 57 cm | 22,44”<div><br>MATERIALS</div><div>FABRIC Real leather REAL II 08</div><div>BASE Fully upholstered.<br>

</div><div><br>FABRIC / LEATHER REQUEST<br>COM 8 mts | 314,96” (Standard width 1,40mts | 55”)<br>COL 123,2 sq ft<br><br></div>                        ",https://www.brabbu.com/product/upholstery/plum/single-sofa/,02/05/2023,brabbu
WALES SINGLE SOFA,WALES SINGLE SOFA,upholstery,Sofas,"
				<p></p><p></p>



Often called the “Land of Castles”, Wales has some of the most impressive monuments of the Middle Ages. WALES Single Sofa pays tribute to the country’s history. Upholstered in cotton velvet and with a base in matte vintage brass, this curved velvet single sofa features a golden polished nailhead trim that makes it even more elegant.



<br><p></p>			",https://www.brabbu.com/resources/images/products/171/gallery/wales-single-sofa-mid-century-furniture-1.jpg,https://www.brabbu.com/resources//images/products/171/gallery/previews/wales-single-sofa-mid-century-furniture-2.jpg,https://www.brabbu.com/resources//images/products/171/gallery/previews/wales-single-sofa-mid-century-furniture-3.jpg,https://www.brabbu.com/resources//images/products/171/gallery/previews/wales-single-sofa-mid-century-furniture-3.jpg,https://www.brabbu.com/resources//images/products/171/gallery/previews/wales-single-sofa-mid-century-furniture-3.jpg,https://www.brabbu.com/resources//images/products/171/gallery/previews/wales-single-sofa-mid-century-furniture-3.jpg,https://www.brabbu.com/resources//images/products/171/gallery/previews/wales-single-sofa-mid-century-furniture-3.jpg,https://www.brabbu.com/resources//images/products/171/gallery/previews/wales-single-sofa-mid-century-furniture-3.jpg,https://www.brabbu.com/resources//images/products/171/gallery/previews/wales-single-sofa-mid-century-furniture-3.jpg,https://www.brabbu.com/resources//images/products/171/gallery/previews/wales-single-sofa-mid-century-furniture-3.jpg,https://www.youtube.com/embed/sy7dce-fU6E?rel=0,Made by Order,"
                        DIMENSIONS<br>Width 135 cm | 53,10”<br>Depth 100 cm | 39,30”<br>Height 76 cm | 29,9”<br>Seat Height 41 cm | 16,14”<br>Seat Depth 61 cm | 24”<br>Armrest Height 63 cm | 24,8”<div><br>MATERIALS</div><div>FABRIC Cotton velvet BB MOSS I - colour 16</div><div>BASE Brushed aged brass matte</div><div><br>FABRIC / LEATHER REQUEST<br>COM 8,5 mts | 334,64” (Standard width 1,40mts | 55”)<br>COL 130,9 sq ft<br><br></div>                        ",https://www.brabbu.com/product/upholstery/wales/single-sofa/,02/05/2023,brabbu
BEGONIA 2 SEAT SOFA,BEGONIA 2 SEAT SOFA,upholstery,Sofas,"
				<p>



Begonia is a beautiful flower from tropical countries. Inspired by its warm energies and the bold shape of its petals, our designers conceived BEGONIA 2 Seat Sofa. Its charming curves and soft cotton velvet upholstery make this the perfect curved back two seat sofa for an elegant modern interior design.

 

<br></p>			",https://www.brabbu.com/resources/images/products/737/gallery/BEGONIA_2_SEAT_SOFA.jpg,,,,,,,,,,https://www.youtube.com/embed/fkz6-yCbrmQ?rel=0,Made by Order,"
                        <p>DIMENSIONS
<br>Width 140cm | 55,11""&nbsp;</p><p>Depth 70cm | 27,56""&nbsp;</p><p>Height 77cm | 30,31""


</p><p>Seat Height 42cm | 16,54""</p><p>Seat Depth 58cm | 22,83""</p><p><br></p><p>MATERIALS&nbsp;</p><p>FABRIC Cotton Velvet</p><p>FABRIC REFERENCE MOSS I 44</p><p>FABRIC NEEDED 7 mts | 275,59"" (Standard width 1,40mts | 55"")</p><p>LEGS Fully Upholstered</p>                        ",https://www.brabbu.com/product/upholstery/begonia/2-seat-sofa/,02/05/2023,brabbu
DALYAN 2 SEAT SOFA,DALYAN 2 SEAT SOFA,upholstery,Sofas,"
				<p></p><p></p>



Cleopatra was a fierce woman in our history. She was a force to be reckoned with and always had poise and elegance. The DALYAN 2 Seat-Sofa, a channel-tufted sofa that breathes elegance. Upholstered in synthetic leather and legs in matte lacquer, this 2 seat sofa will bring elegance and poise into any room it is in.



<br><p></p>			",https://www.brabbu.com/resources/images/products/173/gallery/dalyan-2-seater-sofa-contemporary-design-1.jpg,https://www.brabbu.com/resources//images/products/173/gallery/previews/dalyan-2-seater-sofa-contemporary-design-2.jpg,https://www.brabbu.com/resources//images/products/173/gallery/previews/dalyan-2-seater-sofa-contemporary-design-3.jpg,https://www.brabbu.com/resources//images/products/173/gallery/previews/dalyan-2-seater-sofa-contemporary-design-3.jpg,https://www.brabbu.com/resources//images/products/173/gallery/previews/dalyan-2-seater-sofa-contemporary-design-3.jpg,https://www.brabbu.com/resources//images/products/173/gallery/previews/dalyan-2-seater-sofa-contemporary-design-3.jpg,https://www.brabbu.com/resources//images/products/173/gallery/previews/dalyan-2-seater-sofa-contemporary-design-3.jpg,https://www.brabbu.com/resources//images/products/173/gallery/previews/dalyan-2-seater-sofa-contemporary-design-3.jpg,https://www.brabbu.com/resources//images/products/173/gallery/previews/dalyan-2-seater-sofa-contemporary-design-3.jpg,https://www.brabbu.com/resources//images/products/173/gallery/previews/dalyan-2-seater-sofa-contemporary-design-3.jpg,https://www.youtube.com/embed/fkz6-yCbrmQ?rel=0,Made by Order,"
                        DIMENSIONS<br>Width 140 cm | 55,11”<br>Depth 76 cm | 29,9”<br>Height 82 cm | 32,3”<br>Seat Height 44 cm | 17,3”<br>Seat Depth 56 cm | 22”<div><br>MATERIALS</div><div>FABRIC Synthetic leather BB MOSS I - colour 40</div><div>LEGS In red matte lacquer.<br>

</div><div><br>FABRIC / LEATHER REQUEST<br>COM 6,5 mts | 255,90” (Standard width 1,40mts | 55”)<br>COL 100,1 sq ft<br><br></div>                        ",https://www.brabbu.com/product/upholstery/dalyan/2-seat-sofa/,02/05/2023,brabbu
MALAY 2 SEAT SOFA,MALAY 2 SEAT SOFA,upholstery,Sofas,"<p></p><p></p>



The ethnicities of the mesmerising Malay Archipelago inspired the creation of MALAY Velvet Sofa, a twist on mid-century modern furniture. This tufted upholstered 2 seat sofa with matte aged brass legs has a mystical soul that will fulfil your mid-century modern living room set with energy from Nature.



<br><p></p>",https://www.brabbu.com/resources/images/products/180/gallery/04.jpg,https://www.brabbu.com/resources/images/products/180/gallery/02.jpg,https://www.brabbu.com/resources/images/products/180/gallery/03.jpg,https://www.brabbu.com/resources/images/products/180/gallery/04.jpg,https://www.brabbu.com/resources/images/products/180/gallery/malay%202%20seat-min.jpg,https://www.brabbu.com/resources/images/products/180/gallery/malay%202%20seat_2-min.jpg,https://www.brabbu.com/resources/images/products/180/gallery/malay%202%20seat.jpg,,,,https://www.youtube.com/embed/fkz6-yCbrmQ?showinfo=0,LEAD TIME: 4 TO 6 WEEKS,"<span>DIMENSIONS<br>Width 140 cm | 55,2”<br>Depth 74 cm | 24,1”<br>Height 80 cm | 31,5”<br>Seat Height 41 cm | 16,1”<br>Seat Depth 56 cm | 22”<div><br>MATERIALS</div><div>FABRIC Cotton velvet BB MOSS I - colour 30</div><div><b></b>LEGS In matte aged brass.<br>

</div><div><br></div></span>",https://www.brabbu.com/home/product/upholstery/malay/2-seat-sofa,02/05/2023,brabbu
MAYA 2 SEAT SOFA,MAYA 2 SEAT SOFA,upholstery,Sofas,"
				<p></p><p></p>





The Maya civilization had maize as one of the primary elements of their culture. Personified as a woman, Maya’s Maize God was the inspiration behind MAYA 2 Seat Sofa. With legs in matte aged brass, this yellow velvet 2 seat sofa has the sensual and delicate forms of the goddess, making it the perfect seating solution for an elegant living room set.





<br><p></p>			",https://www.brabbu.com/resources/images/products/181/gallery/maya-sofa-1-540x505.jpg,https://www.brabbu.com/resources//images/products/181/gallery/previews/maya-sofa-2-167x93.jpg,https://www.brabbu.com/resources//images/products/181/gallery/previews/maya-sofa-3-167x93.jpg,https://www.brabbu.com/resources//images/products/181/gallery/previews/maya-sofa-3-167x93.jpg,https://www.brabbu.com/resources//images/products/181/gallery/previews/maya-sofa-3-167x93.jpg,https://www.brabbu.com/resources//images/products/181/gallery/previews/maya-sofa-3-167x93.jpg,https://www.brabbu.com/resources//images/products/181/gallery/previews/maya-sofa-3-167x93.jpg,https://www.brabbu.com/resources//images/products/181/gallery/previews/maya-sofa-3-167x93.jpg,https://www.brabbu.com/resources//images/products/181/gallery/previews/maya-sofa-3-167x93.jpg,https://www.brabbu.com/resources//images/products/181/gallery/previews/maya-sofa-3-167x93.jpg,https://www.youtube.com/embed/sy7dce-fU6E?rel=0,Made by Order,"
                        DIMENSIONS<br>Width 144 cm | 56,69”<br>Depth 75 cm | 29,52”<br>Height 83 cm | 32,68”<br>Seat Height 50 cm | 19,68”<br>Seat Depth 57 cm | 22,44”<br>Armrest Height 67 cm | 26,37”<div><br>MATERIALS</div><div>FABRIC Cotton velvet BB MOSS I - colour 28</div><div><b></b>LEGS Matte aged brass.<b><p><i></i></p></b><br></div><div>FABRIC / LEATHER REQUEST<br>COM 6,5 mts | 255,90” (Standard width 1,40mts | 55”)<br>COL 100,1 sq ft<br><br></div>                        ",https://www.brabbu.com/product/upholstery/maya/2-seat-sofa/,02/05/2023,brabbu
NAMIB 2 SEAT SOFA,NAMIB 2 SEAT SOFA,upholstery,Sofas,"
				<p></p><p></p>





Namib desert is one of the oldest and largest deserts in the world and NAMIB 2 Seat Sofa pays tribute to it. This powerful fabric sofa is upholstered in satin cotton and has legs in high gloss black lacquered, embodying an invigorating strength. The NAMIB Mid-Century Modern 2 Seater will be the focal point in your modern home design.




<br><p></p>			",https://www.brabbu.com/resources/images/products/184/gallery/1_540x505.jpg,https://www.brabbu.com/resources//images/products/184/gallery/previews/2_167x93.jpg,https://www.brabbu.com/resources//images/products/184/gallery/previews/3_167x93.jpg,https://www.brabbu.com/resources//images/products/184/gallery/previews/3_167x93.jpg,https://www.brabbu.com/resources//images/products/184/gallery/previews/3_167x93.jpg,https://www.brabbu.com/resources//images/products/184/gallery/previews/3_167x93.jpg,https://www.brabbu.com/resources//images/products/184/gallery/previews/3_167x93.jpg,https://www.brabbu.com/resources//images/products/184/gallery/previews/3_167x93.jpg,https://www.brabbu.com/resources//images/products/184/gallery/previews/3_167x93.jpg,https://www.brabbu.com/resources//images/products/184/gallery/previews/3_167x93.jpg,https://www.youtube.com/embed/fkz6-yCbrmQ?rel=0,Made by Order,"
                        DIMENSIONS<br>Width 140 cm | 55,12”<br>Depth 80 cm | 31,49”<br>Height 160 cm | 62,99”<br>Seat Height 45 cm | 17,72”<br>Seat Depth 64 cm | 25,19”<br>Armrest Height 66 cm | 25,98”<div><br>MATERIALS</div><div>FABRIC Satin BB HANOI I 12 - YELLOW</div><div><b></b>LEGS In black high gloss lacquer.<br>

</div><div><br>FABRIC / LEATHER REQUEST<br>COM 8,5 mts | 334,64” (Standard width 1,40mts | 55”)<br>COL 130,9 sq ft<br><br></div>                        ",https://www.brabbu.com/product/upholstery/namib/2-seat-sofa/,02/05/2023,brabbu
NUKA 2 SEAT SOFA,NUKA 2 SEAT SOFA,upholstery,Sofas,"
				<p></p><p></p>



Nuka is a glacier in Alaska known for its sublime beauty. NUKA 2 Seat Sofa came to life inspired by this magnificent natural monument. Upholstered in velvet and legs in glossy gold leaf, this 2 seat sofa with a curved back will make any living room set or bedroom design look sleek and chic.



<br><p></p>			",https://www.brabbu.com/resources/images/products/185/gallery/1_540x505.jpg,,,,,,,,,,https://www.youtube.com/embed/E6pzbsPdQOs?rel=0,Made by Order,"
                        DIMENSIONS<br>Width 140 cm | 55,11”<br>Depth 67 cm | 26,37”<br>Height 82 cm | 32,28”<br>Seat Height 47 cm | 18,50”<br>Seat Depth 46 cm | 18,11”<div><br>MATERIALS</div><div>FABRIC Cotton velvet BB MOSS III - colour 20</div><div>LEGS In glossy gold leaf.</div><div>NAILS In gold polished.<p><b></b></p><b><p></p></b><br>FABRIC / LEATHER REQUEST<br>COM 6,5 mts | 255,90” (Standard width 1,40mts | 55”)<br>COL 100,1 sq ft<br><br></div>                        ",https://www.brabbu.com/product/upholstery/nuka/2-seat-sofa/,02/05/2023,brabbu
OKA 2 SEAT SOFA,OKA 2 SEAT SOFA,upholstery,Sofas,"
				<p></p><p></p>



Taking inspiration from the interesting dialogues of the Bakaya people, whose word for “listen” is oka, our designers created OKA 2 Seat Sofa. This upholstered sofa in cotton velvet dazzles in its simplicity and will stand gracefully in a living room set. This brown 2 seat sofa will bring comfort to your modern contemporary home design.



<br><p></p>			",https://www.brabbu.com/resources/images/products/186/gallery/oka-2-seat-sofa-1.jpg,https://www.brabbu.com/resources//images/products/186/gallery/previews/oka-2-seat-sofa-2.jpg,,,,,,,,,https://www.youtube.com/embed/fkz6-yCbrmQ?rel=0,Made by Order,"
                        Width 140 cm | 55,11”<br>Depth 65 cm | 25,60”<br>Height 80 cm | 31,50”<br>Seat Height 47 cm | 18,50”<br>Seat Depth 57 cm | 22,44”<div><br>MATERIALS</div><div>FABRIC Cotton velvet BB MOSS I - colour 8</div><div>LEGS Fully upholstered.<p><b></b></p><b><p></p></b></div><div><br>FABRIC / LEATHER REQUEST<br>COM 7 mts | 275,59” (Standard width 1,40mts | 55”)<br>COL 107,8 sq ft<br><br></div>                        ",https://www.brabbu.com/product/upholstery/oka/2-seat-sofa/,02/05/2023,brabbu
TELLUS 2 SEAT SOFA,TELLUS 2 SEAT SOFA,upholstery,Sofas,"
				<p></p><p></p>



In Roman mythology, Tellus is the goddess of the Earth. TELLUS 2 Seat Sofa honours its deity aura. The twill fabric, nailhead trim and back legs in matte lacquered add subtle sophistication, making this beige 2 seat sofa an elegant product able to fit in any modern home decor.



<br><p></p>			",https://www.brabbu.com/resources/images/products/285/gallery/tellus-2-seat-sofa-2-HR.jpg,https://www.brabbu.com/resources//images/products/285/gallery/previews/tellus-2-seat-sofa-1-HR.jpg,,,,,,,,,https://www.youtube.com/embed/E6pzbsPdQOs?rel=0,Made by Order,"
                        DIMENSIONS<br>Width 142 cm | 55,90”<br>Depth 70 cm | 27,55”<br>Height 82 cm | 32,28”<br>Seat Height 42 cm | 16,53”<br>Seat Depth 58 cm | 22,83”<br>Armrest Height 67 cm | 22,44”<div><br>MATERIALS</div><div>FABRIC Twill BB DARIEN II - colour 21</div><div>FRONT LEGS Covered in fabric</div><div>BACK LEGS In black matte lacquer.</div><div><b></b>NAILS In bronze renaissance.<br></div><div><br></div><div>FABRIC / LEATHER REQUEST<br>COM 9 mts | 354,33” (Standard width 1,40mts | 55”)<br>COL 138,6 sq ft<br><br></div>                        ",https://www.brabbu.com/product/upholstery/tellus/2-seat-sofa/,02/05/2023,brabbu
ZULU 2 SEAT SOFA,ZULU 2 SEAT SOFA,upholstery,Sofas,"
				<p></p><p></p>



Zulu is the largest ethnic group in South Africa and the one who inspired the ZULU 2 Seat Sofa. Fully upholstered in cotton velvet, this button-tufted 2 seat sofa is full of personality, making it an unforgettable chair design whether the dining room decor it is placed in.



<br><p></p>			",https://www.brabbu.com/resources/images/products/188/gallery/zulu-sofa-1-HR.jpg,,,,,,,,,,https://www.youtube.com/embed/fkz6-yCbrmQ?rel=0,Made by Order,"
                        DIMENSIONS<br>Width 140 cm | 55,11”<br>Depth 72 cm | 28,34”<br>Height 82 cm | 32,28”<br>Seat Height 44 cm | 17,32”<br>Seat Depth 55 cm | 21,65”<br><div><br>MATERIALS</div><div>FABRIC Cotton velvet BB MOSS I - colour 30</div><div>LEGS Fully upholstered.<p><b></b></p><b><p></p></b><br></div><div>FABRIC / LEATHER REQUEST<br>COM 9 mts | 354,33” (Standard width 1,40mts | 55”)<br>COL 138,6 sq ft<br><br></div>                        ",https://www.brabbu.com/product/upholstery/zulu/2-seat-sofa/,02/05/2023,brabbu
BOHOL MODULAR SOFA,BOHOL MODULAR SOFA,upholstery,Sofas,"<p>Bohol is the location of the famous Chocolate Hills, one of the Philippines' natural wonders. Inspired by this jewel of the Philippine islands, BOHOL Modular Sofa was created with the purpose to dazzle every modern interior. With a black lacquered recessed base, this contemporary modular sofa is the perfect choice to help maximise your living room space.</p>",https://www.brabbu.com/resources/images/products/879/gallery/4.jpg,https://www.brabbu.com/resources/images/products/879/gallery/2.jpg,https://www.brabbu.com/resources/images/products/879/gallery/3.jpg,https://www.brabbu.com/resources/images/products/879/gallery/4.jpg,https://www.brabbu.com/resources/images/products/879/gallery/5.jpg,https://www.brabbu.com/resources/images/products/879/gallery/6.jpg,https://www.brabbu.com/resources/images/products/879/gallery/7.jpg,,,,https://www.youtube.com/embed/4X9R6ziAl1o?showinfo=0,LEAD TIME: 4 TO 6 WEEKS,"<span>DIMENSIONS<div>WIDTH 490 cm | 192,91”&nbsp;</div><div>DEPTH 370 cm | 145,66”&nbsp;</div><div>HEIGHT 75 cm | 29,52”&nbsp;</div><div>SEAT HEIGHT 42 cm | 16,53”&nbsp;</div><div>SEAT DEPTH 90 cm | 35,43”&nbsp;</div><div><br></div><div>MATERIALS&nbsp;</div><div>FABRIC Velvet&nbsp;</div><div>FABRIC REFERENCE BB MOSS XLIII - Colour 02&nbsp;</div><div>FABRIC NEEDED 5 mts | 196,85” (Standard width 1,40mts | 55”)&nbsp;</div><div><br></div><div></div></span>",https://www.brabbu.com/home/product/upholstery/bohol-modular/sofa,02/05/2023,brabbu
BORNEO SOFA,BORNEO SOFA,upholstery,Sofas,"
				<p>









Borneo is the third-largest island in the world and the largest in Asia. Inspired by this amazing island, the BORNEO Sofa is upholstered in brown velvet, with pinewood legs stained in Wengue Matte. This modern velvet sofa will be the focal point of any living room design, being an excellent choice for an elegant and unique project.



 




 






 






<br></p>			",https://www.brabbu.com/resources/images/products/765/gallery/1_540x505.jpg,https://www.brabbu.com/resources//images/products/765/gallery/previews/2_167x93.jpg,https://www.brabbu.com/resources//images/products/765/gallery/previews/3_167x93.jpg,https://www.brabbu.com/resources//images/products/765/gallery/previews/3_167x93.jpg,https://www.brabbu.com/resources//images/products/765/gallery/previews/3_167x93.jpg,https://www.brabbu.com/resources//images/products/765/gallery/previews/3_167x93.jpg,https://www.brabbu.com/resources//images/products/765/gallery/previews/3_167x93.jpg,https://www.brabbu.com/resources//images/products/765/gallery/previews/3_167x93.jpg,https://www.brabbu.com/resources//images/products/765/gallery/previews/3_167x93.jpg,https://www.brabbu.com/resources//images/products/765/gallery/previews/3_167x93.jpg,https://www.youtube.com/embed/fkz6-yCbrmQ?rel=0,Made by Order,"
                        <p></p>



DIMENSIONS<br>Width















298 cm | 117,32”
































<br>Depth







100 cm | 39,37”

















<b></b><div>Height

















90 cm | 35,43”






























<div>Seat Height















48 cm | 18,89”



 







 





 








 

</div><div>Seat Depth















68 cm | 26,77”























</div><div>Armrest Height















63 cm | 24,80”

















</div><div><div><br></div><div>MATERIALS</div><div></div>

FABRIC 



Velvet



</div><div>FABRIC REFERENCE 









BB MOSS IX Colour 27





</div></div><div>FEET&nbsp;Matte wengue stain.





</div><div><br></div><div>

<div>FABRIC NEEDED







10 mts | 393,70” (Standard width 1,40mts | 55”)












</div></div>                        ",https://www.brabbu.com/product/upholstery/borneo/sofa/,02/05/2023,brabbu
BOURBON SOFA,BOURBON SOFA,upholstery,Sofas,"<p></p><p></p>



With origins in France, the House of Bourbon was a dynasty known for its class and splendour. BOURBON Sofa embodies this grandeur through its button-tufted inner back, rich cotton velvet and a base in matte aged brass. This velvet sofa makes up any refined ambience.



<br><p></p>",https://www.brabbu.com/resources/images/products/144/gallery/2_800x500_2_.jpg,https://www.brabbu.com/resources/images/products/144/gallery/2_800x500_2_.jpg,https://www.brabbu.com/resources/images/products/144/gallery/3_800x500_2_.jpg,https://www.brabbu.com/resources/images/products/144/gallery/5_800x500_2_.jpg,https://www.brabbu.com/resources/images/products/144/gallery/4_800x500_2_.jpg,,,,,,https://www.youtube.com/embed/E6pzbsPdQOs?showinfo=0,IN STOCK,"<span>DIMENSIONS<br>Width 225 cm | 88,6”<br>Depth 82 cm | 32,3”<br>Height 85 cm | 33,5”<br>Seat Heignt 42 cm | 16,53”<br>Seat Depth 78 cm | 30,70”<div><br><b></b>MATERIALS</div><div><b></b>FABRIC Cotton velvet BB MOSS I - colour 30</div><div>BASE In matte aged brass.<b></b><br><br></div><div></div></span>",https://www.brabbu.com/home/product/upholstery/bourbon/sofa,02/05/2023,brabbu
COMO SOFA,COMO SOFA,upholstery,Sofas,"<p></p><p></p>



Located in Italy, Lake Como is known for its dramatic scenery and lovely water lilies. COMO Sofa is a tribute to this natural beauty. This modern sofa for the living room is fully upholstered in cotton velvet, making it an excellent mid-century modern sofa to relax after a long day.



<br><p></p>",https://www.brabbu.com/resources/images/products/145/gallery/como-sofa-4.jpg,https://www.brabbu.com/resources/images/products/145/gallery/como-sofa-2.jpg,https://www.brabbu.com/resources/images/products/145/gallery/como-sofa-3.jpg,https://www.brabbu.com/resources/images/products/145/gallery/como-sofa-4.jpg,https://www.brabbu.com/resources/images/products/145/gallery/como-sofa-5.jpg,https://www.brabbu.com/resources/images/products/145/gallery/como-sofa-6.jpg,https://www.brabbu.com/resources/images/products/145/gallery/como-sofa-7.jpg,,,,https://www.youtube.com/embed/fkz6-yCbrmQ?showinfo=0,LEAD TIME: 4 TO 6 WEEKS,"<span>DIMENSIONS<br>Width 220 cm | 86,6”<br>Depth 92 cm | 36,2”<br>Height 90 cm | 35,4”<br>Seat Height 45 cm | 17,7”<br>Seat Depth 55 cm | 21,7”<br>Armrest Height 62,5 cm | 24,6”<div><br>MATERIALS</div><div>FABRIC Cotton velvet MOSS I 51</div><div><b></b>LEGS Fully upholstered.<b></b></div><div></div></span>",https://www.brabbu.com/home/product/upholstery/como/sofa,02/05/2023,brabbu
DAKOTA SOFA,DAKOTA SOFA,upholstery,Sofas,"<p></p><p></p>



The Dakota is a Native American tribe, they compose two of the three main subcultures of the Sioux people, and are typically divided into the Eastern Dakota and Western Dakota. Our designer’s passion for worldwide cultures aroused the desire to create DAKOTA Sofa. Upholstered in soft cotton velvet and with a base in matte aged brass, this green velvet sofa will add a dash of luxury to any decor.



<br><p></p>",https://www.brabbu.com/resources/images/products/146/gallery/dakota-sofa-5.jpg,https://www.brabbu.com/resources/images/products/146/gallery/dakota-sofa-2.jpg,https://www.brabbu.com/resources/images/products/146/gallery/dakota-sofa-3.jpg,https://www.brabbu.com/resources/images/products/146/gallery/dakota-sofa-4.jpg,https://www.brabbu.com/resources/images/products/146/gallery/dakota-sofa-5.jpg,https://www.brabbu.com/resources/images/products/146/gallery/dakota-sofa-6.jpg,https://www.brabbu.com/resources/images/products/146/gallery/dakota-sofa-7.jpg,https://www.brabbu.com/resources/images/products/146/gallery/dakota-sofa-8.jpg,,,https://www.youtube.com/embed/sy7dce-fU6E?showinfo=0,LEAD TIME: 4 TO 6 WEEKS,"<span>DIMENSIONS<br>Width 225 cm | 88,58”<br>Depth 107 cm | 42,12”<br>Height 89 cm | 35,03”<br>Seat Height 43 cm | 16,92”<br>Seat Depth 72 cm | 28,34”<div>Arm Height 89 cm | 35,03""<br><div><br>MATERIALS</div><div>FABRIC Cotton velvet BB MOSS III - colour 19</div><div>BASE In matte aged brass.<p><b></b></p><b></b></div><div></div></div></span>",https://www.brabbu.com/home/product/upholstery/dakota/sofa,02/05/2023,brabbu
GEORGE SOFA,GEORGE SOFA,upholstery,Sofas,"<p>



GEORGE sofa is a time travel to King George Island, where the first church of Antarctica was proudly raised. This island is the largest of the South Shetland Islands and this modern velvet sofa with a base in aged brushed matte brass is a celebration of history through a distinctive design.



<br></p>",https://www.brabbu.com/resources/images/products/677/gallery/george-sofa-3.jpg,https://www.brabbu.com/resources/images/products/677/gallery/GEORGE-SOFA-1.jpg,https://www.brabbu.com/resources/images/products/677/gallery/george-sofa-2.jpg,https://www.brabbu.com/resources/images/products/677/gallery/george-sofa-3.jpg,https://www.brabbu.com/resources/images/products/677/gallery/george-sofa-4.jpg,https://www.brabbu.com/resources/images/products/677/gallery/george-sofa-5.jpg,https://www.brabbu.com/resources/images/products/677/gallery/george-sofa-6.jpg,,,,https://www.youtube.com/embed/gf_Tt02I2W4?showinfo=0,LEAD TIME: 4 TO 6 WEEKS,"<span><small></small>DIMENSIONS<br>WIDTH 223 cm | 80,70”<br>DEPTH 78 cm | 49,21”<br>HEIGHT 90 cm | 35,43”<div>SEAT HEIGHT 44 cm | 17,32”<br>SEAT DEPTH 58 cm | 22,83”<br><br></div><div>

MATERIALS&nbsp;</div><div>FABRIC In cotton velvet BB MOSS I - colour 17</div><div>BASE In aged brushed matte brass</div><div><br></div><div>FABRIC NEEDED 7,5 mts | 433,07” (Standard width 1,40mts | 55”)</div><div><br></div><div></div></span>",https://www.brabbu.com/home/product/upholstery/george/sofa,02/05/2023,brabbu
HERA ROUND THREE SOFA,HERA ROUND THREE SOFA,upholstery,Sofas,"
				<p>

Inspired by the iconic Hera Temple, the HERA Three Round Sofa brings ancient Greek characters to modern spaces. This contemporary three-seater round sofa is perfect for a living room setting, be it a contemporary or modern design. Fully upholstered in twill, the HERA Three Round Sofa is the right choice to create a modern contemporary vibe.



 






<br></p>			",https://www.brabbu.com/resources/images/products/762/gallery/1_540x505.jpg,https://www.brabbu.com/resources//images/products/762/gallery/previews/2_167x93.jpg,https://www.brabbu.com/resources//images/products/762/gallery/previews/3_167x93.jpg,https://www.brabbu.com/resources//images/products/762/gallery/previews/3_167x93.jpg,https://www.brabbu.com/resources//images/products/762/gallery/previews/3_167x93.jpg,https://www.brabbu.com/resources//images/products/762/gallery/previews/3_167x93.jpg,https://www.brabbu.com/resources//images/products/762/gallery/previews/3_167x93.jpg,https://www.brabbu.com/resources//images/products/762/gallery/previews/3_167x93.jpg,https://www.brabbu.com/resources//images/products/762/gallery/previews/3_167x93.jpg,https://www.brabbu.com/resources//images/products/762/gallery/previews/3_167x93.jpg,https://www.youtube.com/embed/fkz6-yCbrmQ?rel=0,Made by Order,"
                        <p></p>



DIMENSIONS<br>Width









443 cm | 174,40”
























<br>Depth

240 cm | 94,48”











<b></b><div>Height











85 cm | 36,46”






















<div>Seat Height









49 cm | 19,29”





 





 








 

</div><div>Seat Depth









60 cm | 23,62”

















</div><div>Armrest Height









85 cm | 36,46”











</div><div><div><br></div><div>MATERIALS</div><div></div>

FABRIC 

Twill

</div><div>FABRIC REFERENCE 





Darian II Colour 31</div></div><div><br></div><div>

<div>FABRIC NEEDED

42 mts | 1653,54” (Standard width 1,40mts | 55”)






</div></div>                        ",https://www.brabbu.com/product/upholstery/hera-round-three/sofa/,02/05/2023,brabbu
HERA ROUND TWO SOFA,HERA ROUND TWO SOFA,upholstery,Sofas,"
				<p>

Drawing inspiration from the iconic Hera Temple, the HERA Two Round Sofa brings ancient Greek characters to modern spaces. This contemporary two-seater round sofa is perfect for a living room setting, becoming the accent furniture item that will elevate any style. Fully upholstered in twill, the HERA Two Round Sofa will set the design tone for every living room it is in.

<br></p>			",https://www.brabbu.com/resources/images/products/771/gallery/1_540x505.jpg,https://www.brabbu.com/resources//images/products/771/gallery/previews/2_167x93.jpg,https://www.brabbu.com/resources//images/products/771/gallery/previews/3_167x93.jpg,https://www.brabbu.com/resources//images/products/771/gallery/previews/3_167x93.jpg,https://www.brabbu.com/resources//images/products/771/gallery/previews/3_167x93.jpg,https://www.brabbu.com/resources//images/products/771/gallery/previews/3_167x93.jpg,https://www.brabbu.com/resources//images/products/771/gallery/previews/3_167x93.jpg,https://www.brabbu.com/resources//images/products/771/gallery/previews/3_167x93.jpg,https://www.brabbu.com/resources//images/products/771/gallery/previews/3_167x93.jpg,https://www.brabbu.com/resources//images/products/771/gallery/previews/3_167x93.jpg,https://www.youtube.com/embed/fkz6-yCbrmQ?rel=0,Made by Order,"
                        <p></p>



DIMENSIONS<br>Width







381 cm | 174,40”











































<br>Depth







157 cm | 94,48”



























<b></b><div>Height







85 cm | 36,46”



</div><div>Seat Height&nbsp;49 cm | 19,29”</div><div>Seat Depth&nbsp;60 cm | 23,62”






</div><div>Armrest Height&nbsp;85 cm | 36,46”





</div><div>&nbsp;</div><div><br><div><div>MATERIALS</div><div></div>FABRIC&nbsp;Twill



</div></div><div>FABRIC REFERENCE&nbsp;Darian II Colour 31



</div><div><br></div><div>FABRIC NEEDED

37 mts | 1465” (Standard width 1,40mts | 55”)





</div>                        ",https://www.brabbu.com/product/upholstery/hera-round-two/sofa/,02/05/2023,brabbu
HERMES SOFA,HERMES SOFA,upholstery,Sofas,"<p></p><p></p>



In Greek Mythology, Hermes is the God of boundaries, travel and communication. This was the inspiration behind HERMES Sofa, a living room sofa upholstered in cotton velvet and legs in polished brass. It is a statement mid-century modern velvet sofa capable of transforming any room.



<br><p></p>",https://www.brabbu.com/resources/images/products/147/gallery/3_800x500.jpg,https://www.brabbu.com/resources/images/products/147/gallery/2_800x500.jpg,https://www.brabbu.com/resources/images/products/147/gallery/3_800x500.jpg,https://www.brabbu.com/resources/images/products/147/gallery/4_800x500.jpg,https://www.brabbu.com/resources/images/products/147/gallery/5_800x500.jpg,https://www.brabbu.com/resources/images/products/147/gallery/6_800x500.jpg,,,,,https://www.youtube.com/embed/E6pzbsPdQOs?showinfo=0,IN STOCK,"<span>DIMENSIONS<br>Width 240 cm | 94,5”<br>Depth 80 cm | 31,5”<br>Height 90 cm | 35,4”<br>Seat Height 45 cm | 17,4”<br>Seat Depth 57 cm | 22,4”<br>ARMREST HEIGHT 63 cm | 24,8”<div><br>MATERIALS</div><div><b></b><b></b>FABRIC Cotton velvet BB MOSS I - colour 17</div><div>LEGS In polished brass.<b></b><br><br></div><div></div></span>",https://www.brabbu.com/home/product/upholstery/hermes/sofa,02/05/2023,brabbu
MAREE SOFA,MAREE SOFA,upholstery,Sofas,"<p>





The Scottish Loch Maree is surrounded by a picturesque mountain with a rugged landscape. MAREE Sofa portrays that rough landscape softened by the tufted cotton velvet. This impressive modern living room sofa upholstered in velvet has legs in matte lacquer, giving a modern flair to the classic chesterfield sofa.




<br></p>",https://www.brabbu.com/resources/images/products/150/gallery/Maree%20Sofa_800x500_12_.jpg,https://www.brabbu.com/resources/images/products/150/gallery/Maree%20Sofa_800x500_10_.jpg,https://www.brabbu.com/resources/images/products/150/gallery/Maree%20Sofa_800x500_11_.jpg,https://www.brabbu.com/resources/images/products/150/gallery/4_540x505.jpg,https://www.brabbu.com/resources/images/products/150/gallery/Maree%20Sofa_800x500_12_.jpg,https://www.brabbu.com/resources/images/products/150/gallery/Maree%20Sofa_800x500_13_.jpg,https://www.brabbu.com/resources/images/products/150/gallery/Maree%20Sofa_800x500_14_.jpg,https://www.brabbu.com/resources/images/products/150/gallery/540%204.jpg,,,https://www.youtube.com/embed/sy7dce-fU6E?showinfo=0,IN STOCK,"<span>DIMENSIONS<br>Width 262 cm | 103,15”<br>Depth 116 cm | 45,66”<br>Height 91 cm | 35,82”<div>Seat Height 45 cm | 17,71""</div><div>Seat Depth 65 cm | 25,69""</div><div>Armrest Height 80 cm | 31,49""<br><br>MATERIALS</div><div><b></b><b></b>FABRIC Velvet MOSS VIII 13</div><div>LEGS Black matte lacquer.<b></b><br><br></div><div>FABRIC/LEATHER REQUEST</div><div>COM 12mts | 473"" (Standard with 1,40mts | 55"")</div><div>COL 187 sq ft</div></span>",https://www.brabbu.com/home/product/upholstery/maree/sofa,02/05/2023,brabbu
MAREE II SOFA,MAREE II SOFA,upholstery,Sofas,"
				<p>

















The Scottish Loch Maree is surrounded by a picturesque mountain with a rugged landscape. MAREE II Sofa portrays that rough landscape softened by the tufted velvet. The MAREE II is a fully upholstered velvet sofa, making it the perfect addition to a modern living room setting. The MAREE Velvet Sofa is designed to give a modern flair to the classic chesterfield sofa.

















<br></p>			",https://www.brabbu.com/resources/images/products/753/gallery/1_540x505.jpg,https://www.brabbu.com/resources//images/products/753/gallery/previews/2_167x93.jpg,https://www.brabbu.com/resources//images/products/753/gallery/previews/3_167x93.jpg,https://www.brabbu.com/resources//images/products/753/gallery/previews/3_167x93.jpg,https://www.brabbu.com/resources//images/products/753/gallery/previews/3_167x93.jpg,https://www.brabbu.com/resources//images/products/753/gallery/previews/3_167x93.jpg,https://www.brabbu.com/resources//images/products/753/gallery/previews/3_167x93.jpg,https://www.brabbu.com/resources//images/products/753/gallery/previews/3_167x93.jpg,https://www.brabbu.com/resources//images/products/753/gallery/previews/3_167x93.jpg,https://www.brabbu.com/resources//images/products/753/gallery/previews/3_167x93.jpg,https://www.youtube.com/embed/fkz6-yCbrmQ?rel=0,Made by Order,"
                        <p></p>



DIMENSIONS<br>Width 



265


 cm | 

 



104,33”






<br>Depth 

97

cm | 





38,18”




<br>Height 



86


 cm | 

 



33,85”



<div>Seat Heigh 



43

cm | 





16,92”

 

</div><div>Seat Depth 

70

cm | 



27,55”

</div><div>Armrest Height 



76


cm | 



29,92”


&nbsp;<br><div><br></div><div>MATERIALS</div><div>

<b></b>



FABRIC 

Velvet

</div><div>FABRIC REFERENCE 



MOSS VIII 13



</div><div>FABRIC NEEDED 





16 mts | 629,92” (Standard width 1,40mts | 55”)





</div><div>FOOTER&nbsp;Upholstered



</div>

<p></p></div>                        ",https://www.brabbu.com/product/upholstery/maree-ii/sofa/,02/05/2023,brabbu
NAU SOFA,NAU SOFA,upholstery,Sofas,"<p></p><p></p>



The first ships to cross the Atlantic were the inspiration behind NAU Sofa, a furniture item that will bring the feeling of adventure and discovery to your living room set. This mid-century blue sofa is upholstered in cotton velvet with legs in ash wood with wenge satin matte. The NAU Sofa will be the focal point of your mid-century modern living room.



<br><p></p>",https://www.brabbu.com/resources/images/products/151/gallery/1.jpg,,,,,,,,,,https://www.youtube.com/embed/E6pzbsPdQOs?showinfo=0,LEAD TIME: 4 TO 6 WEEKS,"<span>DIMENSIONS<br>Width 242 cm | 95,28”<br>Depth 92 cm | 36,22”<br>Height 94 cm | 37,01”<br>Seat Height 43 cm | 16,93”<br>Seat Depth 65 cm | 25,59”<br>Armrest Height 65 cm | 25,59”<div><br>MATERIALS</div><div><b></b><b></b>FABRIC Velvet MOSS IX - colour 20</div><div>LEGS Ash wood with wengue stain matte.<b></b><br><br></div><div></div></span>",https://www.brabbu.com/home/product/upholstery/nau/sofa,02/05/2023,brabbu
OREAS SOFA,OREAS SOFA,upholstery,Sofas,"
				<p></p><p></p>



According to Greek mythology, Oreas is the God of the mountains. OREAS Sofa pays tribute to it; this channel-tufted sofa is fully upholstered in soft cotton velvet. With a modern contemporary design, this blue living room sofa will be the focal point in your living room design. The OREAS Sofa will elevate any room design it is set in.



<br><p></p>			",https://www.brabbu.com/resources/images/products/169/gallery/oreas-sofa.jpg,https://www.brabbu.com/resources//images/products/169/gallery/previews/oreas-sofa-3.jpg,https://www.brabbu.com/resources//images/products/169/gallery/previews/oreas-sofa-2.jpg,https://www.brabbu.com/resources//images/products/169/gallery/previews/oreas-sofa-2.jpg,https://www.brabbu.com/resources//images/products/169/gallery/previews/oreas-sofa-2.jpg,https://www.brabbu.com/resources//images/products/169/gallery/previews/oreas-sofa-2.jpg,https://www.brabbu.com/resources//images/products/169/gallery/previews/oreas-sofa-2.jpg,https://www.brabbu.com/resources//images/products/169/gallery/previews/oreas-sofa-2.jpg,https://www.brabbu.com/resources//images/products/169/gallery/previews/oreas-sofa-2.jpg,https://www.brabbu.com/resources//images/products/169/gallery/previews/oreas-sofa-2.jpg,https://www.youtube.com/embed/fkz6-yCbrmQ?rel=0,In Stock,"
                        DIMENSIONS<br>Width 225 cm | 88,6”<br>Depth 100 cm | 39,4”<br>Height 84 cm | 31,1”<br>Seat Height 35 cm | 13,8”<br>Seat Depth 76 cm | 29,9”<div>Arm Height&nbsp;65 cm | 25,6”<br><br>MATERIALS</div><div><b></b><b></b>FABRIC Cotton velvet BB MOSS I - colour 47</div><div>LEGS Fully upholstered.<b></b><br><br>FABRIC / LEATHER REQUEST<br></div><div>COM 13 mts | 511,81” (Standard width 1,40mts | 55”)<br>COL 200,2 sq ft<br><br></div>                        ",https://www.brabbu.com/product/upholstery/oreas/sofa/,02/05/2023,brabbu
ORLEANS MODULAR SOFA,ORLEANS MODULAR SOFA,upholstery,Sofas,"<p>Orleans is a small city in the north of France with an unmatched sense of being at home. Encouraged by this feeling, our designs bring to life the ORLEANS Modular Sofa. Upholstered in velvet, this modern sofa provides relaxing moments. Add it to your living room design and you can be sure it will become the centre of attention (and desires).</p>",https://www.brabbu.com/resources/images/products/880/gallery/800x500_2_conjunto3.jpg,https://www.brabbu.com/resources/images/products/880/gallery/800x500_1.jpg,https://www.brabbu.com/resources/images/products/880/gallery/800x500_2.jpg,https://www.brabbu.com/resources/images/products/880/gallery/800x500_3.jpg,https://www.brabbu.com/resources/images/products/880/gallery/800x500_4.jpg,https://www.brabbu.com/resources/images/products/880/gallery/800x500_5.jpg,https://www.brabbu.com/resources/images/products/880/gallery/800x500_6.jpg,https://www.brabbu.com/resources/images/products/880/gallery/800x500_1_modulo1.jpg,https://www.brabbu.com/resources/images/products/880/gallery/800x500_2_modulo1.jpg,https://www.brabbu.com/resources/images/products/880/gallery/800x500_3_modulo1.jpg,https://www.youtube.com/embed/gf_Tt02I2W4?showinfo=0,LEAD TIME: 4 TO 6 WEEKS,"<span><p>

DIMENSIONS</p><div>WIDTH 110 cm | 173,22” </div><div>DEPTH 110 cm | 43,30” </div><div>HEIGHT 78 cm | 30,70” </div><div>SEAT HEIGHT 44 cm | 15,74” </div><div>SEAT DEPTH 87 cm | 34,25” </div><div><br></div><div>MATERIALS </div><div>FABRIC Velvet </div><div>FABRIC REFERENCE BB MOSS XI - Colour 06</div><div>FABRIC NEEDED 20 mts | 196,85” (Standard width 1,40mts | 55”) </div><div><br></div><div></div></span>",https://www.brabbu.com/home/product/upholstery/orleans-modular/sofa,02/05/2023,brabbu
OTTER SOFA,OTTER SOFA,upholstery,Sofas,"<p>





Otters are known for being playful animals, with a high capacity to adapt to the environment. Inspired by the nature of this animal, the OTTER Sofa can adapt to any room and be an integral part of your interior design. Its round shapes transmit both comfort and grandiosity, this orange cotton velvet sofa can be placed in a modern living room or a comfortable home cinema area.




<br></p>",https://www.brabbu.com/resources/images/products/663/gallery/540x505-3.jpg,https://www.brabbu.com/resources/images/products/663/gallery/2.jpg,https://www.brabbu.com/resources/images/products/663/gallery/540x505-3.jpg,https://www.brabbu.com/resources/images/products/663/gallery/540x505-4.jpg,https://www.brabbu.com/resources/images/products/663/gallery/540x505-5.jpg,https://www.brabbu.com/resources/images/products/663/gallery/540x505-6.jpg,,,,,https://www.youtube.com/embed/E6pzbsPdQOs?showinfo=0,LEAD TIME: 4 TO 6 WEEKS,"<span>DIMENSIONS<div>WIDTH 260 cm | 102,36”&nbsp;<div>DEPTH 102 cm | 40,15” <div>HEIGHT&nbsp;78 cm | 30,70<br></div></div><div>SEAT HEIGHT 43 cm | 16,92”&nbsp;</div><div>SEAT DEPTH  65 cm | 25,59”<br></div></div><div>ARMREST HIGHT 63 cm | 24,80”<br><br>MATERIALS</div><div><b></b></div>

<div>Fabric cotton velvet BB MOSS XXVII - colour 6</div><div><b></b>Base in ash wood with wenge stain matte varnish.</div>

<div><b></b></div><div><br></div><div>FABRIC NEEDED 9 mts | 354,33” (Standard width 1,40mts | 55”)<br><br></div></span>",https://www.brabbu.com/home/product/upholstery/otter/sofa,02/05/2023,brabbu
PEARL SOFA,PEARL SOFA,upholstery,Sofas,"<p></p><p></p>



Pearl is a noble material used both in jewellery and interior design. Upholstered in cotton velvet, PEARL Sofa features a base in matte vintage brass that gives it a charming touch. This channel-tufted lounge sofa, upholstered in white cotton velvet and with a base in matte vintage brass, is perfect for an elegant and timeless living room design.



<br><p></p>",https://www.brabbu.com/resources/images/products/154/gallery/1.jpg,,,,,,,,,,https://www.youtube.com/embed/sy7dce-fU6E?showinfo=0,IN STOCK,"<span>DIMENSIONS<br>Width 243 cm | 94,5”<br>Depth 96 cm | 37,8”<br>Height 86 cm | 33,9”<br>Seat Height 42 cm | 16,5”<br>Seat Depth 78 cm | 30,7”<br>Armrest Height 67 cm | 26,37”<br><br><div>MATERIALS</div><div>FABRIC Cotton velvet BB MOSS III - colour 2</div><div>BASE In matte vintage brass.</div><div><br></div><div></div></span>",https://www.brabbu.com/home/product/upholstery/pearl/sofa,02/05/2023,brabbu
PEARL ROUND THREE SOFA,PEARL ROUND THREE SOFA,upholstery,Sofas,"
				<p>













Pearls are noble stones used in jewellery and interior design. Drawing inspiration from this magnificent colour, PEARL Three Round Sofa is fully upholstered in velvet and will shine like a glistering pearl in any living room setting. This three-seater round velvet sofa will give a regal as well as royal feel to any residential project.

<br></p>			",https://www.brabbu.com/resources/images/products/769/gallery/1_540x505.jpg,https://www.brabbu.com/resources//images/products/769/gallery/previews/2_167x93.jpg,https://www.brabbu.com/resources//images/products/769/gallery/previews/3_167x93.jpg,https://www.brabbu.com/resources//images/products/769/gallery/previews/3_167x93.jpg,https://www.brabbu.com/resources//images/products/769/gallery/previews/3_167x93.jpg,https://www.brabbu.com/resources//images/products/769/gallery/previews/3_167x93.jpg,https://www.brabbu.com/resources//images/products/769/gallery/previews/3_167x93.jpg,https://www.brabbu.com/resources//images/products/769/gallery/previews/3_167x93.jpg,https://www.brabbu.com/resources//images/products/769/gallery/previews/3_167x93.jpg,https://www.brabbu.com/resources//images/products/769/gallery/previews/3_167x93.jpg,https://www.youtube.com/embed/fkz6-yCbrmQ?rel=0,Made by Order,"
                        <p></p>



DIMENSIONS<br>Width



395 cm | 155,51”







































<br>Depth



256 cm | 100,78”























<b></b><div>Height



80 cm | 31,49”</div><div>Seat Height&nbsp;47 cm | 18,50”

</div><div>Seat Depth&nbsp;70 cm | 27,55”

</div><div>Armrest Height&nbsp;65 cm | 25,59”


</div><div>&nbsp;</div><div><br><div><div>MATERIALS</div><div></div>FABRIC&nbsp;Velvet

</div></div><div>FABRIC REFERENCE&nbsp;BB MOSS X Colour 06

</div><div>FOOTER&nbsp;Fully upholstered

</div><div><br></div><div>FABRIC NEEDED&nbsp;32 mts | 1259,84” (Standard width 1,40mts | 55”)

</div>                        ",https://www.brabbu.com/product/upholstery/pearl-round-three/sofa/,02/05/2023,brabbu
PEARL ROUND TWO SOFA,PEARL ROUND TWO SOFA,upholstery,Sofas,"<p>













Pearls are noble stones used in jewellery and interior design. Drawing inspiration from this magnificent colour, PEARL Round Two Sofa is fully upholstered in velvet and will be the centre of attention in any living room setting. Perfectly round, just like a pearl, the two-seater round velvet sofa is perfect for a modern and timeless living room design.

<br></p>",https://www.brabbu.com/resources/images/products/770/gallery/55.jpg,https://www.brabbu.com/resources/images/products/770/gallery/22.jpg,https://www.brabbu.com/resources/images/products/770/gallery/33.jpg,https://www.brabbu.com/resources/images/products/770/gallery/44.jpg,https://www.brabbu.com/resources/images/products/770/gallery/55.jpg,https://www.brabbu.com/resources/images/products/770/gallery/66.jpg,https://www.brabbu.com/resources/images/products/770/gallery/77.jpg,https://www.brabbu.com/resources/images/products/770/gallery/88.jpg,,,https://www.youtube.com/embed/fkz6-yCbrmQ?showinfo=0,LEAD TIME: 4 TO 6 WEEKS,"<span>



DIMENSIONS<br>Width





335 cm | 131,88”









































<br>Depth





156 cm | 61,41”

























<b></b><div>Height





80 cm | 31,49”

</div><div>Seat Height&nbsp;47 cm | 18,50” 



</div><div>Seat Depth&nbsp;70 cm | 27,55”




</div><div>Armrest Height&nbsp;65 cm | 25,59”


</div><div>&nbsp;</div><div><br><div><div>MATERIALS</div><div></div>FABRIC&nbsp;Velvet

</div></div><div>FABRIC REFERENCE&nbsp;BB MOSS X Colour 06

</div><div>FOOTER&nbsp;Fully upholstered

</div><div><br></div><div>FABRIC NEEDED

27 mts | 1062” (Standard width 1,40mts | 55”)



</div></span>",https://www.brabbu.com/home/product/upholstery/pearl-round-two/sofa,02/05/2023,brabbu
POWEL SOFA,POWEL SOFA,upholstery,Sofas,"<p></p><p></p>



The ocean hides many mysteries and rare beauty. Its beauty was honoured through the exquisite design of POWEL Sofa. With a channel-tufted back, this fabric sofa features cotton velvet upholstery and a base in glossy black lacquer with aged brass details. The POWEL Green Velvet Sofa will add mystery and beauty to any home decor.



<br><p></p>",https://www.brabbu.com/resources/images/products/156/gallery/8.jpg,https://www.brabbu.com/resources/images/products/156/gallery/2.jpg,https://www.brabbu.com/resources/images/products/156/gallery/3.jpg,https://www.brabbu.com/resources/images/products/156/gallery/4.jpg,https://www.brabbu.com/resources/images/products/156/gallery/8.jpg,https://www.brabbu.com/resources/images/products/156/gallery/6.jpg,https://www.brabbu.com/resources/images/products/156/gallery/5.jpg,https://www.brabbu.com/resources/images/products/156/gallery/7.jpg,,,https://www.youtube.com/embed/E6pzbsPdQOs?showinfo=0,LEAD TIME: 4 TO 6 WEEKS,"<span>DIMENSIONS<br>Width 225 cm | 88,58”<br>Depth 90 cm | 35,43”<br>Height 85 cm | 33,46”<br>Seat Height 42 cm | 16,53”<br>Seat Depth 78 cm | 30,70”<div><br>MATERIALS</div><div>FABRIC Cotton velvet BB MOSS I - colour 51</div><div><b></b>BASE In glossy black lacquer with aged brass details.<b></b></div><div></div></span>",https://www.brabbu.com/home/product/upholstery/powel/sofa,02/05/2023,brabbu
WALES SOFA,WALES SOFA,upholstery,Sofas,"<p></p><p></p>



Often called the “Land of Castles”, Wales has some of the most impressive monuments of the Middle Ages. WALES Sofa pays tribute to the country’s history. Upholstered in cotton velvet and with a base in matte vintage brass, this curved velvet sofa features a golden polished nailhead trim that makes it even more elegant.



<br><p></p>",https://www.brabbu.com/resources/images/products/158/gallery/5_800x500.jpg,https://www.brabbu.com/resources/images/products/158/gallery/2_800x500.jpg,https://www.brabbu.com/resources/images/products/158/gallery/3_800x500.jpg,https://www.brabbu.com/resources/images/products/158/gallery/4_800x500.jpg,https://www.brabbu.com/resources/images/products/158/gallery/5_800x500.jpg,https://www.brabbu.com/resources/images/products/158/gallery/6_800x500.jpg,https://www.brabbu.com/resources/images/products/158/gallery/7_800x500.jpg,https://www.brabbu.com/resources/images/products/158/gallery/8_800x500.jpg,,,https://www.youtube.com/embed/gZrXTKtpHyA?showinfo=0,LEAD TIME: 4 TO 6 WEEKS,"<span>DIMENSIONS<br>Width 220 cm | 86,6”<br>Depth 100 cm | 39,3”<br>Height 76 cm | 29,9”<br>Seat Height 41 cm | 16,1”<br>Seat Depth 61 cm | 24”<br>Armrest Height 63 cm | 24,8”<div><br></div><div>MATERIALS</div><div>FABRIC Cotton velvet BB MOSS I - colour 16</div><div><b></b>BASE Brushed aged brass matte</div><div>NAILS Golden polished</div><div><br></div></span>",https://www.brabbu.com/home/product/upholstery/wales/sofa,02/05/2023,brabbu
WALES II SOFA,WALES II SOFA,upholstery,Sofas,"<p>

</p><div>

Often called the “Land of Castles”, Wales has some of the most impressive monuments of the Middle Ages. WALES II Sofa pays tribute to the country’s history. Upholstered in cotton velvet and with a base in matte vintage brass, this modern sofa features a bronze renaissance nailhead trim that makes it even more elegant.

</div><div><br>

</div><br><p></p>",https://www.brabbu.com/resources/images/products/692/gallery/wales-ii-sofa-8.jpg,https://www.brabbu.com/resources/images/products/692/gallery/wales-ii-sofa-2.jpg,https://www.brabbu.com/resources/images/products/692/gallery/wales-ii-sofa-3.jpg,https://www.brabbu.com/resources/images/products/692/gallery/wales-ii-sofa-4.jpg,https://www.brabbu.com/resources/images/products/692/gallery/wales-ii-sofa-5.jpg,https://www.brabbu.com/resources/images/products/692/gallery/wales-ii-sofa-6.jpg,https://www.brabbu.com/resources/images/products/692/gallery/wales-ii-sofa-7.jpg,https://www.brabbu.com/resources/images/products/692/gallery/wales-ii-sofa-8.jpg,https://www.brabbu.com/resources/images/products/692/gallery/wales-ii-sofa-9.jpg,https://www.brabbu.com/resources/images/products/692/gallery/wales-ii-sofa-10.jpg,https://www.youtube.com/embed/E6pzbsPdQOs?showinfo=0,LEAD TIME: 4 TO 6 WEEKS,"<span><p>DIMENSIONS</p><p>Width: 320 cm | 125,98""</p><p>Depth: 100 cm | 39,37""</p><p>Height: 80 cm | 31,50""<br></p><p>Seat Height: 42 cm | 16,54""</p><p>Seat Depth: 61 cm | 20,02""</p><p><br></p><p>MATERIALS</p><p>Fabric Chenille - SYCAMORE VI 04</p><p>Footer in the same fabric</p><p>Nails in bronze&nbsp;renaissance</p><p><br></p><p>FABRIC/LEATHER REQUEST</p><p>COM 20 mts | 787,40""</p><p>COL 308 sq ft</p></span>",https://www.brabbu.com/home/product/upholstery/wales-ii/sofa,02/05/2023,brabbu
WALES ROUND THREE SOFA,WALES ROUND THREE SOFA,upholstery,Sofas,"<p>



















Often called the “Land of Castles”, Wales has some of the most impressive monuments of the Middle Ages. WALES Round 3 Sofa pays tribute to the country’s history. Fully upholstered in velvet, this round three-seater orange velvet sofa is perfect for any contemporary living room. The WALES Round 3-Seater Sofa is the ideal modern contemporary seating for a large area.




















<br></p>",https://www.brabbu.com/resources/images/products/754/gallery/2_800x500%2012.26.14.jpg,https://www.brabbu.com/resources/images/products/754/gallery/2_800x500%2012.26.14.jpg,https://www.brabbu.com/resources/images/products/754/gallery/3_800x500%2012.26.14.jpg,https://www.brabbu.com/resources/images/products/754/gallery/4_800x500%2012.26.14.jpg,https://www.brabbu.com/resources/images/products/754/gallery/5_800x500%2012.26.14.jpg,,,,,,https://www.youtube.com/embed/fkz6-yCbrmQ?showinfo=0,LEAD TIME: 4 TO 6 WEEKS,"<span>



DIMENSIONS<br>Width 





403 cm | 158,6”








<br>Depth 

243 cm | 95,66”






<br>Height 





77,5 cm | 30,51”





<div>Seat Heigh 





51 cm | 20,07”




 

</div><div>Seat Depth 



63 cm | 24,80”</div><div><div><br></div><div>MATERIALS</div><div>

<b></b>



FABRIC 

Velvet

</div><div>FABRIC REFERENCE 





MOSS VIII 13

</div><div>FABRIC NEEDED&nbsp;

25 mts | 984,25"" (Standard width 1,40mts | 55"")

</div><div>FOOTER&nbsp;Upholstered



</div>

<p></p></div></span>",https://www.brabbu.com/home/product/upholstery/wales-round-three/sofa,02/05/2023,brabbu
WALES ROUND TWO SOFA,WALES ROUND TWO SOFA,upholstery,Sofas,"
				<p>





















Often called the “Land of Castles”, Wales has some of the most impressive monuments of the Middle Ages. WALES ROUND 2 Sofa pays tribute to the country’s history. Fully upholstered in velvet, this curved two seater velvet sofa is perfect for any contemporary living room. The WALES Round 2-Seater Sofa will be the showstopper of your modern contemporary home design.























<br></p>			",https://www.brabbu.com/resources/images/products/755/gallery/1_540x505.jpg,https://www.brabbu.com/resources//images/products/755/gallery/previews/2_167x93.jpg,https://www.brabbu.com/resources//images/products/755/gallery/previews/3_167x93.jpg,https://www.brabbu.com/resources//images/products/755/gallery/previews/3_167x93.jpg,https://www.brabbu.com/resources//images/products/755/gallery/previews/3_167x93.jpg,https://www.brabbu.com/resources//images/products/755/gallery/previews/3_167x93.jpg,https://www.brabbu.com/resources//images/products/755/gallery/previews/3_167x93.jpg,https://www.brabbu.com/resources//images/products/755/gallery/previews/3_167x93.jpg,https://www.brabbu.com/resources//images/products/755/gallery/previews/3_167x93.jpg,https://www.brabbu.com/resources//images/products/755/gallery/previews/3_167x93.jpg,https://www.youtube.com/embed/fkz6-yCbrmQ?rel=0,Made by Order,"
                        <p></p>



DIMENSIONS<br>Width 







323 cm | 127,16”










<br>Depth 

<b>

</b>154 cm | 60,62”&nbsp;<b></b><div>Height 





77,5 cm | 30,51”





<div>Seat Heigh 







51 cm | 20,07”






 

</div><div>Seat Depth 





63 cm | 24,80”

</div><div><div><br></div><div>MATERIALS</div><div>

<b></b>



FABRIC 

Velvet

</div><div>FABRIC REFERENCE 





<b></b>MOSS VIII 13<b></b>

</div><div>FABRIC NEEDED&nbsp;

20 mts | 787,40” (Standard width 1,40mts | 55”)



</div><div>FOOTER&nbsp;Upholstered



</div>

<p></p></div></div>                        ",https://www.brabbu.com/product/upholstery/wales-round-two/sofa/,02/05/2023,brabbu
BORNEO SINGLE SOFA,BORNEO SINGLE SOFA,upholstery,Sofas,"
				<p>



Borneo - the third-largest island in the world - derives its name from the Sanskrit word for 'water'. Inspired by this amazing island, the BORNEO Single Sofa is upholstered in brown velvet, with pinewood legs stained in Wengue Matte. This single 1 seater sofa is ideal for living rooms and reading corners, however, its modern design will stand out wherever it is set.





 






<br></p>			",https://www.brabbu.com/resources/images/products/763/gallery/1_540x505.jpg,https://www.brabbu.com/resources//images/products/763/gallery/previews/2_167x93.jpg,https://www.brabbu.com/resources//images/products/763/gallery/previews/3_167x93.jpg,https://www.brabbu.com/resources//images/products/763/gallery/previews/3_167x93.jpg,https://www.brabbu.com/resources//images/products/763/gallery/previews/3_167x93.jpg,https://www.brabbu.com/resources//images/products/763/gallery/previews/3_167x93.jpg,https://www.brabbu.com/resources//images/products/763/gallery/previews/3_167x93.jpg,https://www.brabbu.com/resources//images/products/763/gallery/previews/3_167x93.jpg,https://www.brabbu.com/resources//images/products/763/gallery/previews/3_167x93.jpg,https://www.brabbu.com/resources//images/products/763/gallery/previews/3_167x93.jpg,https://www.youtube.com/embed/fkz6-yCbrmQ?rel=0,Made by Order,"
                        <p></p>



DIMENSIONS<br>Width











131 cm | 51,57”



























<br>Depth



100 cm | 39,37”













<b></b><div>Height













88 cm | 34,64”

























<div>Seat Height











45 cm | 17,71” 







 





 








 

</div><div>Seat Depth











66 cm | 25,98”



















</div><div>Armrest Height











63 cm | 24,80”













</div><div><div><br></div><div>MATERIALS</div><div></div>

FABRIC 



Velvet



</div><div>FABRIC REFERENCE 







BB MOSS IX Colour 27

</div></div><div>FEET&nbsp;Matte wengue stain.

</div><div><br></div><div>

<div>FABRIC NEEDED



5 mts | 196,85” (Standard width 1,40mts | 55”)








</div></div>                        ",https://www.brabbu.com/product/upholstery/borneo/single-sofa/,02/05/2023,brabbu
MAREE SINGLE SOFA,MAREE SINGLE SOFA,upholstery,Sofas,"
				<p>















The Scottish Loch Maree is surrounded by a picturesque mountain with a rugged landscape. MAREE Single Sofa portrays that rough landscape softened by the tufted velvet upholstery. This impressive living room single sofa chair gives a modern flair to the classic chesterfield sofa, upholstered in velvet and legs in black matte lacquer.















<br></p>			",https://www.brabbu.com/resources/images/products/752/gallery/1_540x505.jpg,https://www.brabbu.com/resources//images/products/752/gallery/previews/2_167x93.jpg,https://www.brabbu.com/resources//images/products/752/gallery/previews/3_167x93.jpg,https://www.brabbu.com/resources//images/products/752/gallery/previews/3_167x93.jpg,https://www.brabbu.com/resources//images/products/752/gallery/previews/3_167x93.jpg,https://www.brabbu.com/resources//images/products/752/gallery/previews/3_167x93.jpg,https://www.brabbu.com/resources//images/products/752/gallery/previews/3_167x93.jpg,https://www.brabbu.com/resources//images/products/752/gallery/previews/3_167x93.jpg,https://www.brabbu.com/resources//images/products/752/gallery/previews/3_167x93.jpg,https://www.brabbu.com/resources//images/products/752/gallery/previews/3_167x93.jpg,https://www.youtube.com/embed/fkz6-yCbrmQ?rel=0,Made by Order,"
                        <p></p>



DIMENSIONS<br>Width 

134

 cm | 

 

52,75”





<br>Depth 108 cm | 



42,51”



<br>Height 

89

 cm | 

 

35,03”

<div>Seat Heigh 

46&nbsp;cm | 



18,11” 

</div><div>Seat Depth 

70

cm | 



27,55”

</div><div>Armrest Height 

80

cm | 

31,49”



 &nbsp;&nbsp;&nbsp;<br><div><br></div><div>MATERIALS</div><div>

<b></b>



FABRIC 

Velvet

</div><div>FABRIC REFERENCE 



MOSS VIII 13



</div><div>FABRIC NEEDED 



8 mts | 314,96” (Standard width 1,40mts | 55”)



</div><div>LEGS&nbsp;Black matte lacquer

</div>

<p></p></div>                        ",https://www.brabbu.com/product/upholstery/maree/single-sofa/,02/05/2023,brabbu
ANDES 2 SEAT SOFA,ANDES 2 SEAT SOFA,upholstery,Sofas,"<p></p><p></p>



The grandeur of the Andes’ mountains is only matched by the surviving skills of the people who live there. ANDES 2 Seat Sofa is a mid-century modern furniture item that pays tribute to this strength. With matte aged brass legs and covered in a rich cotton velvet upholstery, this curvy 2 seat sofa adds a strong yet graceful touch to any home decor.

<br><p></p>",https://www.brabbu.com/resources/images/products/286/gallery/andes-2-seat-sofa.jpg,,,,,,,,,,https://www.youtube.com/embed/E6pzbsPdQOs?showinfo=0,IN STOCK,"<span>DIMENSIONS<br>Width 200 cm | 78,4”<br>Depth 73 cm | 28,7”<br>Height 79 cm | 31,10”<br>Seat Height 42 cm | 16,5”<br>Seat Depth 56 cm | 22”<br>Armrest Height 66 cm | 24,01”<div><br>MATERIALS</div><div>FABRIC Cotton velvet BB MOSS II - colour 07</div><div><b></b>LEGS In matte aged brass.<br>

</div><div><br></div></span>",https://www.brabbu.com/home/product/upholstery/andes/2-seat-sofa,02/05/2023,brabbu
DUKONO 2 SEAT SOFA,DUKONO 2 SEAT SOFA,upholstery,Sofas,"<p></p><p></p>



As one of Indonesia’s most active volcanoes, Dukono embodies an unpredictable strength. Just like DUKONO 2 Seat Sofa. A nailhead trim wraps around this high-back lounge sofa, making it pop against the synthetic leather upholstery. Place it in modern home decor and watch DUKONO Upholstered 2 Seat Sofa fill the room with its strong attitude.



<br><p></p>",https://www.brabbu.com/resources/images/products/174/gallery/2.jpg,https://www.brabbu.com/resources/images/products/174/gallery/3.jpg,https://www.brabbu.com/resources/images/products/174/gallery/2.jpg,https://www.brabbu.com/resources/images/products/174/gallery/6.jpg,https://www.brabbu.com/resources/images/products/174/gallery/4.jpg,https://www.brabbu.com/resources/images/products/174/gallery/5.jpg,,,,,https://www.youtube.com/embed/sy7dce-fU6E?showinfo=0,LEAD TIME: 4 TO 6 WEEKS,"<span>DIMENSIONS<br>Width 130 cm | 51,18”<br>Depth 82 cm | 32,03”<br>Height 110 cm | 43,3”<br>Seat Height 44 cm | 17,3”<br>Seat Depth 56 cm | 22”<br>Armrest Height 59 cm | 23,2”<div><br>MATERIALS</div><div>FABRIC Synthetic leather BB LERIDA I - colour 10</div><div><b></b>LEGS In black matte lacquered.<br>

</div><div><br></div></span>",https://www.brabbu.com/home/product/upholstery/dukono/2-seat-sofa,02/05/2023,brabbu
EARTH 2 SEAT SOFA,EARTH 2 SEAT SOFA,upholstery,Sofas,"
				<p></p><p></p>



The compelling rotation of the Earth around its axis inspired the creation of EARTH 2 Seat Sofa. Upholstered in cotton velvet, this 2 seat sofa with shelter-style arms has a unique hammered brass back with golden polished nailhead trim. It is this velvet 2 seat sofa that will make a statement in modern interior design.



<br><p></p>			",https://www.brabbu.com/resources/images/products/175/gallery/earth-velvet-sofa-modern-design-1.jpg,https://www.brabbu.com/resources//images/products/175/gallery/previews/earth-velvet-sofa-modern-design-2.jpg,,,,,,,,,https://www.youtube.com/embed/E6pzbsPdQOs?rel=0,Made by Order,"
                        DIMENSIONS<br>Width 181 cm | 71,25”<br>Depth 76 cm | 29,92”<br>Height 78 cm | 30,70”<br>Seat Height 44 cm | 17,32”<br>Seat Depth 62 cm | 24,40”<br>Armrest Height 63 cm | 24,80”<div><br>MATERIALS</div><div>FABRIC Cotton velvet BB MOSS II - colour 12</div><div>BACK AND BASE Glossy hammered brass.</div><div><b></b>NAILS In golden polished.<br>

</div><div><br>FABRIC / LEATHER REQUEST<br>COM 12,5 mts | 492,16” (Standard width 1,40mts | 55”)<br>COL 192,5 sq ft<br><br></div>                        ",https://www.brabbu.com/product/upholstery/earth/2-seat-sofa/,02/05/2023,brabbu
IBIS 2 SEAT SOFA,IBIS 2 SEAT SOFA,upholstery,Sofas,"<p></p><p></p>



Ibis are beautiful birds known for their long slim legs. Just like IBIS 2 Seat Sofa, an elegant seating solution. Upholstered in cotton velvet, this 2 seat sofa with an aged brass nailheads trim will be the focal point of any living room set. This contemporary 2 seat sofa will bring elegance and comfort to any room.



<br><p></p>",https://www.brabbu.com/resources/images/products/176/gallery/7.jpg,https://www.brabbu.com/resources/images/products/176/gallery/2.jpg,https://www.brabbu.com/resources/images/products/176/gallery/3.jpg,https://www.brabbu.com/resources/images/products/176/gallery/4.jpg,https://www.brabbu.com/resources/images/products/176/gallery/5.jpg,https://www.brabbu.com/resources/images/products/176/gallery/6.jpg,https://www.brabbu.com/resources/images/products/176/gallery/7.jpg,https://www.brabbu.com/resources/images/products/176/gallery/8.jpg,https://www.brabbu.com/resources/images/products/176/gallery/9.jpg,https://www.brabbu.com/resources/images/products/176/gallery/10.jpg,https://www.youtube.com/embed/fkz6-yCbrmQ?showinfo=0,LEAD TIME: 4 TO 6 WEEKS,"<span>DIMENSIONS<br>Width 144 cm | 56,69”<br>Depth 67 cm | 26,37”<br>Height 82 cm | 32,28”<br>Seat Height 45 cm | 17,71”<br>Seat Depth 48 cm | 18,89”<br>Armrest Height 74 cm | 29,13”<div><br>MATERIALS</div><div>FABRIC Cotton velvet BB MOSS I - colour 28</div><div>LEGS In ash with walnut stain matte varnish and aged brass details.</div><div><b></b>NAILS In aged brass.</div><div><br></div><div></div></span>",https://www.brabbu.com/home/product/upholstery/ibis/2-seat-sofa,02/05/2023,brabbu
INCA 2 SEAT SOFA,INCA 2 SEAT SOFA,upholstery,Sofas,"
				<p>





The Inca Empire was a remarkable civilisation known for its brilliantly weaved and coloured clothes. INCA 2 Seat Sofa took inspiration from this compelling culture. Upholstered in cotton velvet and with legs in ebony wood veneer with a glossy varnish, this mid-century modern 2 seat sofa will stand beautifully in a living room set.




<br></p>			",https://www.brabbu.com/resources/images/products/177/gallery/inca-2-seater-sofa-mid-century-modern-design-2.jpg,https://www.brabbu.com/resources//images/products/177/gallery/previews/inca-2-seater-sofa-mid-century-modern-design-4.jpg,https://www.brabbu.com/resources//images/products/177/gallery/previews/inca-2-seater-sofa-mid-century-modern-design-1.jpg,https://www.brabbu.com/resources//images/products/177/gallery/previews/inca-2-seater-sofa-mid-century-modern-design-1.jpg,https://www.brabbu.com/resources//images/products/177/gallery/previews/inca-2-seater-sofa-mid-century-modern-design-1.jpg,https://www.brabbu.com/resources//images/products/177/gallery/previews/inca-2-seater-sofa-mid-century-modern-design-1.jpg,https://www.brabbu.com/resources//images/products/177/gallery/previews/inca-2-seater-sofa-mid-century-modern-design-1.jpg,https://www.brabbu.com/resources//images/products/177/gallery/previews/inca-2-seater-sofa-mid-century-modern-design-1.jpg,https://www.brabbu.com/resources//images/products/177/gallery/previews/inca-2-seater-sofa-mid-century-modern-design-1.jpg,https://www.brabbu.com/resources//images/products/177/gallery/previews/inca-2-seater-sofa-mid-century-modern-design-1.jpg,https://www.youtube.com/embed/sy7dce-fU6E?rel=0,Made by Order,"
                        DIMENSIONS<br>Width 130 cm | 51,18”<br>Depth 87 cm | 34,25”<br>Height 99 cm | 38,97”<br>Seat Height 45 cm | 17,72”<br>Seat Depth 54 cm | 21,26”<br>Armrest Height 53 cm | 20,87”<div><br>MATERIALS</div><div>FABRIC Cotton velvet BB MOSS IV - colour 3</div><div>LEGS In ebony wood veneer with glossy varnish.</div><div><b></b>NAILS In polished gold.</div><div><br></div><div>FABRIC / LEATHER REQUEST<br>COM 9,5 mts | 374,01” (Standard width 1,40mts | 55”)<br>COL 146,3 sq ft<br><br></div>                        ",https://www.brabbu.com/product/upholstery/inca/2-seat-sofa/,02/05/2023,brabbu
KAROO 2 SEAT SOFA,KAROO 2 SEAT SOFA,upholstery,Sofas,"
				<p></p><p></p>



A semi-desert area in South Africa was the perfect environment to be the inspiration behind KAROO 2 Seat Sofa. With a unique sofa design and fully upholstered in satin, it is sure to impress, whether as a living room or bedroom sofa. This satin upholstered 2 seat sofa will bring an extra design touch to a modern contemporary design.



<br><p></p>			",https://www.brabbu.com/resources/images/products/178/gallery/karoo-2-seater-sofa-contemporary-design-1.jpg,https://www.brabbu.com/resources//images/products/178/gallery/previews/karoo-2-seater-sofa-contemporary-design-2.jpg,,,,,,,,,https://www.youtube.com/embed/E6pzbsPdQOs?rel=0,Made by Order,"
                        DIMENSIONS<br>Width 140 cm | 55,12”<br>Depth 73 cm | 28,74”<br>Height 71 cm | 27,95”<br>Seat Height 49 cm | 19,29”<br>Seat Depth 55 cm | 21,65”<br>Armrest Heght 70 cm | 27,55”<div><br>MATERIALS</div><div>FABRIC Satin BB HANOI I - colour 12</div><div><b></b>LEGS Fully upholstered.<br>

</div><div><br>FABRIC / LEATHER REQUEST<br>COM 6,5 mts | 255,90” (Standard width 1,40mts | 55”)<br>COL 100,1 sq ft<br><br></div>                        ",https://www.brabbu.com/product/upholstery/karoo/2-seat-sofa/,02/05/2023,brabbu
MAASAI 2 SEAT SOFA,MAASAI 2 SEAT SOFA,upholstery,Sofas,"
				<p>











A mid-century modern furniture item that pays tribute to elderly people at MAASAI tribes which are highly respected. MAASAI 2 seater sofa has the aim to transmit confidence for the next day. The MAASAI 2 seater sofa is upholstered in satin with legs in gold glossy leaf, will give you strength when needed and you will find comfort in this mid-century modern furniture item as well.









<br></p>			",https://www.brabbu.com/resources/images/products/750/gallery/1_540x505.jpg,https://www.brabbu.com/resources//images/products/750/gallery/previews/2_167x93.jpg,https://www.brabbu.com/resources//images/products/750/gallery/previews/3_167x93.jpg,https://www.brabbu.com/resources//images/products/750/gallery/previews/3_167x93.jpg,https://www.brabbu.com/resources//images/products/750/gallery/previews/3_167x93.jpg,https://www.brabbu.com/resources//images/products/750/gallery/previews/3_167x93.jpg,https://www.brabbu.com/resources//images/products/750/gallery/previews/3_167x93.jpg,https://www.brabbu.com/resources//images/products/750/gallery/previews/3_167x93.jpg,https://www.brabbu.com/resources//images/products/750/gallery/previews/3_167x93.jpg,https://www.brabbu.com/resources//images/products/750/gallery/previews/3_167x93.jpg,https://www.youtube.com/embed/fkz6-yCbrmQ?rel=0,Made by Order,"
                        <p></p>



DIMENSIONS<br>Width 137 cm | 53,93""<br>Depth 71 cm | 27,95""<br>Height 72 cm | 28,34""<div>Seat Heigh 42,5&nbsp;cm | 16,73""</div><div>Seat Depth 60&nbsp;cm | 23,62""&nbsp;</div><div>Armrest Height 72&nbsp;cm | 28,34""

 &nbsp;&nbsp;&nbsp;<br><div><br></div><div>MATERIALS</div><div>

<b></b>



FABRIC Satin&nbsp;</div><div>FABRIC REFERENCE HANOI I 07&nbsp;</div><div>FABRIC NEEDED 7 mts | 275,59” (Standard width 1,40mts | 55”)&nbsp;</div><div>LEGS Gold glossy leaf&nbsp;</div><div>NAILS Golden polished

</div>

<p></p></div>                        ",https://www.brabbu.com/product/upholstery/maasai/2-seat-sofa/,02/05/2023,brabbu
N20 2 SEAT SOFA,N20 2 SEAT SOFA,upholstery,Sofas,"
				<p></p><p></p>





Symbol of knowledge and rebirth, Nº20 2 Seat Sofa was raised through a long journey of 24 prototypes. This fabric sofa, fully upholstered in twill, features a nailhead trim that adds subtle sophistication. Full of strength and determination, this twill 2 seat sofa is sure to make an impression in your modern home design.




<br><p></p>			",https://www.brabbu.com/resources/images/products/183/gallery/n20-2-seater-sofa-modern-design-1.jpg,https://www.brabbu.com/resources//images/products/183/gallery/previews/n20-2-seater-sofa-modern-design-2.jpg,,,,,,,,,https://www.youtube.com/embed/sy7dce-fU6E?rel=0,Made by Order,"
                        DIMENSIONS<br>Width140 cm | 55,12”<br>Depth 80 cm | 31,50”<br>Height 91 cm | 35,83”<br>Seat Height 42 cm | 16,54”<br>Seat Depth 56 cm | 22,05”<br>Armrest Height 66 cm | 25,98”<div><br>MATERIALS</div><div>FABRIC Twill BB DARIEN II - colour 28</div><div>LEGS Fully upholstered.</div><div><b></b>NAILS In gold polished.</div><div><br></div><div>FABRIC / LEATHER REQUEST<br>COM 8,5 mts | 334,64” (Standard width 1,40mts | 55”)<br>COL 130,90 sq ft<br><br></div>                        ",https://www.brabbu.com/product/upholstery/n20/2-seat-sofa/,02/05/2023,brabbu
NAJ 2 SEAT SOFA,NAJ 2 SEAT SOFA,upholstery,Sofas,"
				<p></p><p></p>



Guatemala was the stage of one of the most important discoveries in the twentieth century - the Naj Tunich. Inspired by it is NAJ 2 Seat Sofa, a small sofa fully upholstered in cotton velvet with nickeled nails. This fully upholstered black 2 seat sofa is sure to make a statement in a modern living room.



<br><p></p>			",https://www.brabbu.com/resources/images/products/182/gallery/naj-2-seater-sofa-mid-century-modern-design-1.jpg,https://www.brabbu.com/resources//images/products/182/gallery/previews/naj-2-seater-sofa-mid-century-modern-design-2.jpg,https://www.brabbu.com/resources//images/products/182/gallery/previews/naj-2-seater-sofa-mid-century-modern-design-3.jpg,https://www.brabbu.com/resources//images/products/182/gallery/previews/naj-2-seater-sofa-mid-century-modern-design-3.jpg,https://www.brabbu.com/resources//images/products/182/gallery/previews/naj-2-seater-sofa-mid-century-modern-design-3.jpg,https://www.brabbu.com/resources//images/products/182/gallery/previews/naj-2-seater-sofa-mid-century-modern-design-3.jpg,https://www.brabbu.com/resources//images/products/182/gallery/previews/naj-2-seater-sofa-mid-century-modern-design-3.jpg,https://www.brabbu.com/resources//images/products/182/gallery/previews/naj-2-seater-sofa-mid-century-modern-design-3.jpg,https://www.brabbu.com/resources//images/products/182/gallery/previews/naj-2-seater-sofa-mid-century-modern-design-3.jpg,https://www.brabbu.com/resources//images/products/182/gallery/previews/naj-2-seater-sofa-mid-century-modern-design-3.jpg,https://www.youtube.com/embed/E6pzbsPdQOs?rel=0,Made by Order,"
                        DIMENSIONS<br>Width 142 cm | 55,90”<br>Depth 77 cm | 30,31”<br>Height&nbsp;79 cm | 31,10”<div>Seat Height 42 cm | 16,53”<br>Seat Depth 59 cm | 23,22”</div><div><br>MATERIALS</div><div>FABRIC Cotton velvet BB MOSS I - colour 19</div><div>LEGS Fully upholstered.</div><div><b></b>NAILS Nickeled.<b><p></p></b></div><div>FABRIC / LEATHER REQUEST<br>COM 7 mts | 275,59” (Standard width 1,40mts | 55”)<br>COL 107,8 sq ft<br><br></div>                        ",https://www.brabbu.com/product/upholstery/naj/2-seat-sofa/,02/05/2023,brabbu
SIKA 2 SEAT SOFA,SIKA 2 SEAT SOFA,upholstery,Sofas,"
				<p></p><p></p>



Sika is a deer specimen rooted in Japan whose strength and elegance inspired SIKA 2 Seat Sofa. The most distinctive features of this wing sofa are the button detailing on the inner back, the nailhead trim and the brass details of the arms. That is why SIKA High-back 2 Seat Sofa fits a strong living room set.



<br><p></p>			",https://www.brabbu.com/resources/images/products/187/gallery/sika-2-seat-sofa-mid-century-furniture-1.jpg,,,,,,,,,,https://www.youtube.com/embed/sy7dce-fU6E?rel=0,Made by Order,"
                        DIMENSIONS<br>Width 140 cm | 55,11”<br>Depth 87 cm | 34,25”<br>Height 110 cm | 43,30”<br>Seat Height 44 cm | 17,32”<br>Seat Depth 52 cm | 20,47”<br>Armrest Height 63 cm | 24,80”<div><br>MATERIALS</div><div></div><div>FABRIC Synthetic leather LERIDA IV 02</div><div>LEGS Black lacquer glossy</div><div>NAILS Golden polished</div><div>HANDHOLD Polished brass glossy</div><div></div><div><br>FABRIC / LEATHER REQUEST<br>COM 12,5 mts | 492,12” (Standard width 1,40mts | 55”)<br>COL 192,5 sq ft<br><br></div>                        ",https://www.brabbu.com/product/upholstery/sika/2-seat-sofa/,02/05/2023,brabbu
ESSEX CORNER SOFA,ESSEX CORNER SOFA,upholstery,Sofas,"<p>



Metamorphosis is the transformation process from caterpillar to butterfly. It inspired the creation of ESSEX Corner Sofa. This velvet corner sofa is upholstered in velvet and has a base in brushed aged brass matte that adds charisma. It will add refined elegance to any living room set that only velvet sofas are capable of.



<br></p>",https://www.brabbu.com/resources/images/products/661/gallery/5_800x500.jpg,https://www.brabbu.com/resources/images/products/661/gallery/2_800x500.jpg,https://www.brabbu.com/resources/images/products/661/gallery/3_800x500.jpg,https://www.brabbu.com/resources/images/products/661/gallery/4_800x500.jpg,https://www.brabbu.com/resources/images/products/661/gallery/5_800x500.jpg,https://www.brabbu.com/resources/images/products/661/gallery/6_800x500.jpg,https://www.brabbu.com/resources/images/products/661/gallery/7_800x500.jpg,https://www.brabbu.com/resources/images/products/661/gallery/8_800x500.jpg,,,https://www.youtube.com/embed/E6pzbsPdQOs?showinfo=0,LEAD TIME: 4 TO 6 WEEKS,"<span>DIMENSIONS<br>WIDTH 300 cm | 45,27”<br>DEPTH 300 cm | 40,15”<br>HEIGHT 79 cm | 30,70”<br>SEAT HEIGHT 42 cm | 16,92”<br>SEAT DEPTH 58 cm | 25,59”<br>ARMREST HEIGHT 69 cm | 24,80”<br><br>MATERIALS<div>FABRIC: Velvet MOSS I 05</div><div>BASE: brushed aged brass matte<div><div><br>FABRIC NEEDED 25 mts | 984.25” (Standard width 1,40mts | 55”)<br><br></div></div></div></span>",https://www.brabbu.com/home/product/upholstery/essex/corner-sofa,02/05/2023,brabbu
FITZROY CORNER SOFA,FITZROY CORNER SOFA,upholstery,Sofas,"<p></p><div><div><div><p></p><div><div><div><div><p></p></div></div></div></div></div></div></div><div>			<div>				<div>					<p></p><div><div><div><div><p></p><div><div><div><div><p></p></div></div></div></div><p></p><div><div><div><div><p></p></div></div></div></div><div><div><div><div><p></p><div><div><div><p></p></div></div></div></div></div></div></div>

</div></div></div></div>

FITZROY Sofa is inspired in Mount Fitz Roy, a mountain in Patagonia, whose name is a tribute to Robert FitzRoy, the captain of the ship that transported Charles Darwin in his travel around the world. This curved sofa, with its back inspired in the outstanding mountain shape, is fully upholstered in cotton velvet and the base is in matte casted brass. FITZROY Modern Corner Sofa will add an organic element to any living room set.

<br><p></p>				</div>			</div>		</div>	 	 <br><p></p>",https://www.brabbu.com/resources/images/products/657/gallery/fitzroy-blue-corner-sofa-4.jpg,https://www.brabbu.com/resources/images/products/657/gallery/2_800x500.jpg,https://www.brabbu.com/resources/images/products/657/gallery/3_800x500.jpg,https://www.brabbu.com/resources/images/products/657/gallery/4_800x500.jpg,https://www.brabbu.com/resources/images/products/657/gallery/5_800x500.jpg,https://www.brabbu.com/resources/images/products/657/gallery/6_800x500.jpg,https://www.brabbu.com/resources/images/products/657/gallery/7_800x500.jpg,https://www.brabbu.com/resources/images/products/657/gallery/fitzroy-blue-corner-sofa-1.jpg,https://www.brabbu.com/resources/images/products/657/gallery/fitzroy-blue-corner-sofa-2.jpg,https://www.brabbu.com/resources/images/products/657/gallery/fitzroy-blue-corner-sofa-3.jpg,https://www.youtube.com/embed/e4bFgpOj-RQ?showinfo=0,LEAD TIME: 4 TO 6 WEEKS,"<span>DIMENSIONS<div>WIDTH&nbsp;335 cm | 131,88”<div>DEPTH 285 cm | 112,20''<br>HEIGHT 86 cm | 33,85”<br></div><div>


<br><div>MATERIALS</div><div>FABRIC Cotton velvet BB MOSS I - colour 56</div><div>LEGS in matte casted brass.</div><div><b></b><br>

</div><div>


<br>
	
&nbsp;</div></div></div></span>",https://www.brabbu.com/home/product/upholstery/fitzroy/corner-sofa,02/05/2023,brabbu
BOURBON ROUND SOFAS,BOURBON ROUND SOFAS,upholstery,Sofas,"<p>



With origins in France, the House of Bourbon was a dynasty known for its class and splendour BOURBON Round Sofa embodies this grandeur through its button-tufted inner back, rich cotton velvet and a base in matte aged brass. This round green velvet sofa makes up any reﬁned ambience, elevating your modern home design.



<br></p>",https://www.brabbu.com/resources/images/products/676/gallery/bourbon-round-sofa-2.jpg,https://www.brabbu.com/resources/images/products/676/gallery/bourbon-round-sofa-2.jpg,https://www.brabbu.com/resources/images/products/676/gallery/bourbon-round-sofa-3.jpg,https://www.brabbu.com/resources/images/products/676/gallery/bourbon-round-sofa-4.jpg,https://www.brabbu.com/resources/images/products/676/gallery/bourbon-round-sofa-5.jpg,,,,,,https://www.youtube.com/embed/E6pzbsPdQOs?showinfo=0,LEAD TIME: 4 TO 6 WEEKS,"<span>DIMENSIONS<div></div>WIDTH 205 cm | 80,70”   <div>DEPTH 125 cm | 49,21”  <div>HEIGHT 90 cm | 35,43”</div><div>SEAT HEIGHT 47 cm | 18,50”&nbsp;</div><div>SEAT DEPTH  56 cm | 22,04” 

<br><br>MATERIALS</div><div><b></b>FABRIC Cotton velvet BB MOSS I - colour 30</div><div>BASE In brushed brass with mate ﬁnish.<b></b></div><div><br>

<br></div><div><br></div><div>FABRIC NEEDED&nbsp;</div><div>11 mts | 433,07” (Standard width 1,40mts | 55”)<br><br></div><div></div></div></span>",https://www.brabbu.com/home/product/upholstery/bourbon/round-sofas,02/05/2023,brabbu
