product_code,product_name,category1,category2,description,image1,image2,image3,image4,image5,imageUrl6,imageUrl7,imageUrl8,imageUrl9,imageUrl10,video,availability,pageUrl,scrape_date,supplier
HORUS PLAFONIER,HORUS PLAFONIER,lighting,Plafonier,"
				<p></p><div><div><div><p></p><div><div><div><div><p></p></div></div></div></div></div></div></div><div>			<div>				<div>					<p></p><div><div><div><div><p></p><div><div><div><div><p></p></div></div></div></div><p></p><div><div><div><div><p></p></div></div></div></div><div><div><div><div><p></p></div></div></div></div>

</div></div></div></div>

Just like the God of the sky and the rising sun, HORUS Plafonier Light promises to be a reference in modern interior design. Featuring a round structure in matte brass and shaders in crackle glass, this round plafonier is perfect for creating a special reveal over a fierce living room sofa.

<br><p></p>				</div>			</div>		</div>	 	 <br><p></p>			",https://www.brabbu.com/resources/images/products/656/gallery/HORUS_SUSPENSION-II_1.jpg,https://www.brabbu.com/resources//images/products/656/gallery/previews/HORUS_2.jpg,https://www.brabbu.com/resources//images/products/656/gallery/previews/HORUS_3.jpg,https://www.brabbu.com/resources//images/products/656/gallery/previews/HORUS_3.jpg,https://www.brabbu.com/resources//images/products/656/gallery/previews/HORUS_3.jpg,https://www.brabbu.com/resources//images/products/656/gallery/previews/HORUS_3.jpg,https://www.brabbu.com/resources//images/products/656/gallery/previews/HORUS_3.jpg,https://www.brabbu.com/resources//images/products/656/gallery/previews/HORUS_3.jpg,https://www.brabbu.com/resources//images/products/656/gallery/previews/HORUS_3.jpg,https://www.brabbu.com/resources//images/products/656/gallery/previews/HORUS_3.jpg,,,https://www.brabbu.com/product/lighting/horus/plafonier/,20/04/2023,brabbu
NAICCA PLAFONIER,NAICCA PLAFONIER,lighting,Plafonier,"
				<p>

The allure of Mexico’s Giant Crystal Cave was the inspiration for NAICCA Plafonier, representing the legend of crystal origins. The structure in glossy aged brass and the Quartz crystal diffuser merge to brighten any home decor, filling the room with a strong and peaceful atmosphere. This round brass plafonier is the perfect addition to your modern home decor.

<br></p>			",https://www.brabbu.com/resources/images/products/693/gallery/540X505-1.jpg,https://www.brabbu.com/resources//images/products/693/gallery/previews/167x93-2.jpg,,,,,,,,,,,https://www.brabbu.com/product/lighting/naicca/plafonier/,20/04/2023,brabbu
KENDO FLOOR LIGHT,KENDO FLOOR LIGHT,lighting,Floor Lights,"
				<p></p><p></p>



Kendo is an ancient Japanese sword martial art. Featuring a structure and shaders in polished copper with a glossy finish, KENDO Floor Light keeps alive the Samurai spirit through its unique design and strong presence. This contemporary floor light will set the perfect rhythm whether the room decor it is placed in.



<br><p></p>			",https://www.brabbu.com/resources/images/products/86/gallery/kendo-floor-lamp-contemporary-lighting-design-by-brabbu-1.jpg,https://www.brabbu.com/resources//images/products/86/gallery/previews/kendo-floor-lamp-contemporary-lighting-design-by-brabbu-3.jpg,https://www.brabbu.com/resources//images/products/86/gallery/previews/kendo-floor-lamp-contemporary-lighting-design-by-brabbu-2.jpg,https://www.brabbu.com/resources//images/products/86/gallery/previews/kendo-floor-lamp-contemporary-lighting-design-by-brabbu-2.jpg,https://www.brabbu.com/resources//images/products/86/gallery/previews/kendo-floor-lamp-contemporary-lighting-design-by-brabbu-2.jpg,https://www.brabbu.com/resources//images/products/86/gallery/previews/kendo-floor-lamp-contemporary-lighting-design-by-brabbu-2.jpg,https://www.brabbu.com/resources//images/products/86/gallery/previews/kendo-floor-lamp-contemporary-lighting-design-by-brabbu-2.jpg,https://www.brabbu.com/resources//images/products/86/gallery/previews/kendo-floor-lamp-contemporary-lighting-design-by-brabbu-2.jpg,https://www.brabbu.com/resources//images/products/86/gallery/previews/kendo-floor-lamp-contemporary-lighting-design-by-brabbu-2.jpg,https://www.brabbu.com/resources//images/products/86/gallery/previews/kendo-floor-lamp-contemporary-lighting-design-by-brabbu-2.jpg,,,https://www.brabbu.com/product/lighting/kendo/floor-light/,20/04/2023,brabbu
NAICCA FLOOR LIGHT,NAICCA FLOOR LIGHT,lighting,Floor Lights,"
				<p></p><p></p>



The allure of Mexico’s Giant Crystal Cave was the inspiration for NAICCA Floor Light, an accent lamp that represents the legend of crystal origins. The aged brushed brass structure and the Quartz crystal diffuser merge to brighten any home decor, filling the room with a strong yet peaceful atmosphere. This brass floor light will bring a modern classic feel to your home design.



<br><p></p>			",https://www.brabbu.com/resources/images/products/350/gallery/naicca-floor-light-1-540x505.jpg,https://www.brabbu.com/resources//images/products/350/gallery/previews/naicca-floor-light-2-167x93.jpg,https://www.brabbu.com/resources//images/products/350/gallery/previews/naicca-floor-light-3-167x93.jpg,https://www.brabbu.com/resources//images/products/350/gallery/previews/naicca-floor-light-3-167x93.jpg,https://www.brabbu.com/resources//images/products/350/gallery/previews/naicca-floor-light-3-167x93.jpg,https://www.brabbu.com/resources//images/products/350/gallery/previews/naicca-floor-light-3-167x93.jpg,https://www.brabbu.com/resources//images/products/350/gallery/previews/naicca-floor-light-3-167x93.jpg,https://www.brabbu.com/resources//images/products/350/gallery/previews/naicca-floor-light-3-167x93.jpg,https://www.brabbu.com/resources//images/products/350/gallery/previews/naicca-floor-light-3-167x93.jpg,https://www.brabbu.com/resources//images/products/350/gallery/previews/naicca-floor-light-3-167x93.jpg,,"
					In Stock				",https://www.brabbu.com/product/lighting/naicca/floor-light/,20/04/2023,brabbu
CYPRES FLOOR LIGHT,CYPRES FLOOR LIGHT,lighting,Floor Lights,"
				<p></p><p></p>



Cypress is a tree of many symbolisms and ornamental capabilities. Our CYPRES Floor Light was inspired by it, featuring a structure that combines gold plated brass glossy and nickel plated brass glossy finishes and shaders in gold plated brass and a base in Estremoz marble. This contemporary floor lamp is sure to impress in a modern interior design decor.



<br><p></p>			",https://www.brabbu.com/resources/images/products/85/gallery/cypres-floor-lamp-contemporary-lighting-design-by-brabbu-1.jpg,https://www.brabbu.com/resources//images/products/85/gallery/previews/cypres-floor-lamp-contemporary-lighting-design-by-brabbu-5.jpg,https://www.brabbu.com/resources//images/products/85/gallery/previews/cypres-floor-lamp-contemporary-lighting-design-by-brabbu-2.jpg,https://www.brabbu.com/resources//images/products/85/gallery/previews/cypres-floor-lamp-contemporary-lighting-design-by-brabbu-2.jpg,https://www.brabbu.com/resources//images/products/85/gallery/previews/cypres-floor-lamp-contemporary-lighting-design-by-brabbu-2.jpg,https://www.brabbu.com/resources//images/products/85/gallery/previews/cypres-floor-lamp-contemporary-lighting-design-by-brabbu-2.jpg,https://www.brabbu.com/resources//images/products/85/gallery/previews/cypres-floor-lamp-contemporary-lighting-design-by-brabbu-2.jpg,https://www.brabbu.com/resources//images/products/85/gallery/previews/cypres-floor-lamp-contemporary-lighting-design-by-brabbu-2.jpg,https://www.brabbu.com/resources//images/products/85/gallery/previews/cypres-floor-lamp-contemporary-lighting-design-by-brabbu-2.jpg,https://www.brabbu.com/resources//images/products/85/gallery/previews/cypres-floor-lamp-contemporary-lighting-design-by-brabbu-2.jpg,,"
					In Stock				",https://www.brabbu.com/product/lighting/cypres/floor-light/,20/04/2023,brabbu
CYRUS FLOOR LIGHT,CYRUS FLOOR LIGHT,lighting,Floor Lights,"





Cyrus was the brave Persian king that conquered Babylonia and its Cylinder was the document that proves it. CYRUS Floor Light was inspired by the freedom and the vast culture of the Persian civilisation. An original modern floor light, made in polished brass. Magnificent, sober and exquisite for everyone.

<br>",https://www.brabbu.com/resources/images/products/111/gallery/cyrus-floor-light-3.jpg,https://www.brabbu.com/resources/images/products/111/gallery/cyrus-floor-light-2.jpg,https://www.brabbu.com/resources/images/products/111/gallery/cyrus-floor-light-3.jpg,https://www.brabbu.com/resources/images/products/111/gallery/cyrus-floor-light-4.jpg,https://www.brabbu.com/resources/images/products/111/gallery/cyrus-floor-light-5.jpg,https://www.brabbu.com/resources/images/products/111/gallery/cyrus-floor-light-6.jpg,,,,,https://www.youtube.com/embed/oEm6L-NCDkk?showinfo=0,IN STOCK,https://www.brabbu.com/home/product/lighting/cyrus/floor-light,20/04/2023,brabbu
NIKU FLOOR LIGHT,NIKU FLOOR LIGHT,lighting,Floor Lights,,https://www.brabbu.com/resources/images/products/87/gallery/1_800x500_2_.jpg,https://www.brabbu.com/resources/images/products/87/gallery/6_800x500_2_.jpg,https://www.brabbu.com/resources/images/products/87/gallery/7_800x500_2_.jpg,https://www.brabbu.com/resources/images/products/87/gallery/1_800x500_2_.jpg,https://www.brabbu.com/resources/images/products/87/gallery/4_800x500_2_.jpg,https://www.brabbu.com/resources/images/products/87/gallery/3_800x500_2_.jpg,https://www.brabbu.com/resources/images/products/87/gallery/2_800x500_2_.jpg,,,,https://www.youtube.com/embed/yHyO_nqUB0k?showinfo=0,LEAD TIME: 4 TO 6 WEEKS,https://www.brabbu.com/home/product/lighting/niku/floor-light,20/04/2023,brabbu
VELLUM FLOOR LIGHT,VELLUM FLOOR LIGHT,lighting,Floor Lights,"
				<p></p><p></p>



In ancient manuscripts, messages were written on vellum, a fine and translucent material. Featuring a top in glossy hammered aged brass and a base in Nero Marquina marble, every story you create in your home will be highlighted by the warmth of VELLUM Floor Light. Pair this brass floor light with an accent chair and relax with your latest read.



<br><p></p>			",https://www.brabbu.com/resources/images/products/88/gallery/vellum%20floor-1.jpg,https://www.brabbu.com/resources//images/products/88/gallery/previews/vellum%20floor-2.jpg,https://www.brabbu.com/resources//images/products/88/gallery/previews/vellum%20floor-3.jpg,https://www.brabbu.com/resources//images/products/88/gallery/previews/vellum%20floor-3.jpg,https://www.brabbu.com/resources//images/products/88/gallery/previews/vellum%20floor-3.jpg,https://www.brabbu.com/resources//images/products/88/gallery/previews/vellum%20floor-3.jpg,https://www.brabbu.com/resources//images/products/88/gallery/previews/vellum%20floor-3.jpg,https://www.brabbu.com/resources//images/products/88/gallery/previews/vellum%20floor-3.jpg,https://www.brabbu.com/resources//images/products/88/gallery/previews/vellum%20floor-3.jpg,https://www.brabbu.com/resources//images/products/88/gallery/previews/vellum%20floor-3.jpg,,"
					In Stock				",https://www.brabbu.com/product/lighting/vellum/floor-light/,20/04/2023,brabbu
ABBEY FLOOR LIGHT,ABBEY FLOOR LIGHT,lighting,Floor Lights,"Just like the soft tones of the piano, the Abbey floor standing lamp is a soothing mid-century floor light that captures the essence of clean lines and luxurious finishes of the mid-century modern style. Slim, sleek, and with wit, this black and gold floor light is the perfect option when it comes to getting direct light and creating a stunning lighting effect in your modern home decor. Just like the icon of jazz Abbey Lincoln, this floor light will be your best companion on reading days.",https://www.brabbu.com/resources/images/products/783/gallery/abbey-floor-light.jpg,,,,,,,,,,https://www.youtube.com/embed/gf_Tt02I2W4?showinfo=0,LEAD TIME: 4 TO 6 WEEKS,https://www.brabbu.com/home/product/lighting/abbey/floor-light,20/04/2023,brabbu
MCQUEEN FLOOR LIGHT,MCQUEEN FLOOR LIGHT,lighting,Floor Lights,"Maintaining the elegant and feminine vibe of the entire family, this McQueen standing light will certainly brighten everything around it. The perfect and complex combination of gold-plated hammered leaves with amber Swarovski crystals encompasses a dainty light refraction pattern that will shed its light on everything around it. The romantic and creative nature of this piece provides an artistic and glamorous feeling to any project.",https://www.brabbu.com/resources/images/products/811/gallery/05.jpg,https://www.brabbu.com/resources/images/products/811/gallery/02.jpg,https://www.brabbu.com/resources/images/products/811/gallery/03.jpg,https://www.brabbu.com/resources/images/products/811/gallery/04.jpg,https://www.brabbu.com/resources/images/products/811/gallery/05.jpg,https://www.brabbu.com/resources/images/products/811/gallery/06.jpg,https://www.brabbu.com/resources/images/products/811/gallery/07.jpg,https://www.brabbu.com/resources/images/products/811/gallery/08.jpg,,,https://www.youtube.com/embed/gf_Tt02I2W4?showinfo=0,LEAD TIME: 4 TO 6 WEEKS,https://www.brabbu.com/home/product/lighting/mcqueen/floor-light,20/04/2023,brabbu
SINATRA III FLOOR LIGHT,SINATRA III FLOOR LIGHT,lighting,Floor Lights,"Sinatra III Floor Lamp has musical cultural influence with the iconic personality of Frank Sinatra. This Mid-Century modern floor lamp with three adjustable arms, each one of them with one bulb shade, has a classic taste that reminds the famous “New York, New York” of Frank Sinatra.",https://www.brabbu.com/resources/images/products/795/gallery/01.jpg,,,,,,,,,,https://www.youtube.com/embed/gf_Tt02I2W4?showinfo=0,LEAD TIME: 4 TO 6 WEEKS,https://www.brabbu.com/home/product/lighting/sinatra-iii/floor-light,20/04/2023,brabbu
CYBO WALL LIGHT,CYBO WALL LIGHT,lighting,Wall Lights,,https://www.brabbu.com/resources/images/products/91/gallery/cybo-wall-4.jpg,https://www.brabbu.com/resources/images/products/91/gallery/cybo-wall-4.jpg,https://www.brabbu.com/resources/images/products/91/gallery/cybo-wall-5.jpg,https://www.brabbu.com/resources/images/products/91/gallery/cybo-wall-1.jpg,https://www.brabbu.com/resources/images/products/91/gallery/cybo-wall-2.jpg,,,,,,https://www.youtube.com/embed/s8fB3VwCTew?showinfo=0,LEAD TIME: 4 TO 6 WEEKS,https://www.brabbu.com/home/product/lighting/cybo/wall-light,20/04/2023,brabbu
ECLIPSE WALL LIGHT,ECLIPSE WALL LIGHT,lighting,Wall Lights,"
				<p></p><p></p>



The exact moment when both the sun and the moon collide in a perfectly choreographed intersection inspired the creation of ECLIPSE Wall Light. Featuring a hammered aged brass structure with matte varnish, this sconce is the symbol of variation between light and darkness, thus being the ideal modern wall light for the living room.



<br><p></p>			",https://www.brabbu.com/resources/images/products/92/gallery/eclipse-wall-light-contemporary-lighting-design-by-brabbu-1.jpg,https://www.brabbu.com/resources//images/products/92/gallery/previews/eclipse-wall-light-contemporary-lighting-design-by-brabbu-3.jpg,https://www.brabbu.com/resources//images/products/92/gallery/previews/eclipse-wall-light-contemporary-lighting-design-by-brabbu-2.jpg,https://www.brabbu.com/resources//images/products/92/gallery/previews/eclipse-wall-light-contemporary-lighting-design-by-brabbu-2.jpg,https://www.brabbu.com/resources//images/products/92/gallery/previews/eclipse-wall-light-contemporary-lighting-design-by-brabbu-2.jpg,https://www.brabbu.com/resources//images/products/92/gallery/previews/eclipse-wall-light-contemporary-lighting-design-by-brabbu-2.jpg,https://www.brabbu.com/resources//images/products/92/gallery/previews/eclipse-wall-light-contemporary-lighting-design-by-brabbu-2.jpg,https://www.brabbu.com/resources//images/products/92/gallery/previews/eclipse-wall-light-contemporary-lighting-design-by-brabbu-2.jpg,https://www.brabbu.com/resources//images/products/92/gallery/previews/eclipse-wall-light-contemporary-lighting-design-by-brabbu-2.jpg,https://www.brabbu.com/resources//images/products/92/gallery/previews/eclipse-wall-light-contemporary-lighting-design-by-brabbu-2.jpg,,"
					In Stock				",https://www.brabbu.com/product/lighting/eclipse/wall-light/,20/04/2023,brabbu
FOLIO WALL LIGHT,FOLIO WALL LIGHT,lighting,Wall Lights,"
				<p></p><p></p>



The parchments used by old civilisations thousands of years ago were recreated through FOLIO Wall Light. Featuring a structure in hammered aged brushed brass with matte varnish, this brass wall light will enhance any modern interior design in a fascinating way.



<br><p></p>			",https://www.brabbu.com/resources/images/products/93/gallery/folio-wall-light-contemporary-lighting-design-by-brabbu-1.jpg,https://www.brabbu.com/resources//images/products/93/gallery/previews/folio-wall-light-contemporary-lighting-design-by-brabbu-2.jpg,https://www.brabbu.com/resources//images/products/93/gallery/previews/folio-wall-light-contemporary-lighting-design-by-brabbu-3.jpg,https://www.brabbu.com/resources//images/products/93/gallery/previews/folio-wall-light-contemporary-lighting-design-by-brabbu-3.jpg,https://www.brabbu.com/resources//images/products/93/gallery/previews/folio-wall-light-contemporary-lighting-design-by-brabbu-3.jpg,https://www.brabbu.com/resources//images/products/93/gallery/previews/folio-wall-light-contemporary-lighting-design-by-brabbu-3.jpg,https://www.brabbu.com/resources//images/products/93/gallery/previews/folio-wall-light-contemporary-lighting-design-by-brabbu-3.jpg,https://www.brabbu.com/resources//images/products/93/gallery/previews/folio-wall-light-contemporary-lighting-design-by-brabbu-3.jpg,https://www.brabbu.com/resources//images/products/93/gallery/previews/folio-wall-light-contemporary-lighting-design-by-brabbu-3.jpg,https://www.brabbu.com/resources//images/products/93/gallery/previews/folio-wall-light-contemporary-lighting-design-by-brabbu-3.jpg,,"
					In Stock				",https://www.brabbu.com/product/lighting/folio/wall-light/,20/04/2023,brabbu
SCUTUM WALL LIGHT,SCUTUM WALL LIGHT,lighting,Wall Lights,"
				<p></p><p></p>



The fierceness of the Roman legions was brought back to life by SCUTUM Wall Light. The aged casted brass of this contemporary lighting product transmits a feeling of protection while its light provides a warm sensation. With a unique design, this modern brass wall light will add extra character to any room.



<br><p></p>			",https://www.brabbu.com/resources/images/products/98/gallery/scutum-wall-lamp-contemporary-lighting-design-by-brabbu-1.jpg,https://www.brabbu.com/resources//images/products/98/gallery/previews/scutum-wall-lamp-contemporary-lighting-design-by-brabbu-2.jpg,https://www.brabbu.com/resources//images/products/98/gallery/previews/scutum-wall-lamp-contemporary-lighting-design-by-brabbu-3.jpg,https://www.brabbu.com/resources//images/products/98/gallery/previews/scutum-wall-lamp-contemporary-lighting-design-by-brabbu-3.jpg,https://www.brabbu.com/resources//images/products/98/gallery/previews/scutum-wall-lamp-contemporary-lighting-design-by-brabbu-3.jpg,https://www.brabbu.com/resources//images/products/98/gallery/previews/scutum-wall-lamp-contemporary-lighting-design-by-brabbu-3.jpg,https://www.brabbu.com/resources//images/products/98/gallery/previews/scutum-wall-lamp-contemporary-lighting-design-by-brabbu-3.jpg,https://www.brabbu.com/resources//images/products/98/gallery/previews/scutum-wall-lamp-contemporary-lighting-design-by-brabbu-3.jpg,https://www.brabbu.com/resources//images/products/98/gallery/previews/scutum-wall-lamp-contemporary-lighting-design-by-brabbu-3.jpg,https://www.brabbu.com/resources//images/products/98/gallery/previews/scutum-wall-lamp-contemporary-lighting-design-by-brabbu-3.jpg,,,https://www.brabbu.com/product/lighting/scutum/wall-light/,20/04/2023,brabbu
SYRAD WALL LIGHT,SYRAD WALL LIGHT,lighting,Wall Lights,"
				<p></p><p></p>



Syrad is one of the noblest grapes primarily used to produce red wine. With origins in France, it has wonderful quality and rich flavour. With a structure in brushed brass and globes in bronze glass, SYRAD Wall Light is a conversation starter. Place this modern wall light in modern home decor and give a remarkable light to your next wine tasting with friends.



<br><p></p>			",https://www.brabbu.com/resources/images/products/114/gallery/syrad-wall-light-1.jpg,https://www.brabbu.com/resources//images/products/114/gallery/previews/syrad-wall-light-2.jpg,https://www.brabbu.com/resources//images/products/114/gallery/previews/syrad-wall-light-3.jpg,https://www.brabbu.com/resources//images/products/114/gallery/previews/syrad-wall-light-3.jpg,https://www.brabbu.com/resources//images/products/114/gallery/previews/syrad-wall-light-3.jpg,https://www.brabbu.com/resources//images/products/114/gallery/previews/syrad-wall-light-3.jpg,https://www.brabbu.com/resources//images/products/114/gallery/previews/syrad-wall-light-3.jpg,https://www.brabbu.com/resources//images/products/114/gallery/previews/syrad-wall-light-3.jpg,https://www.brabbu.com/resources//images/products/114/gallery/previews/syrad-wall-light-3.jpg,https://www.brabbu.com/resources//images/products/114/gallery/previews/syrad-wall-light-3.jpg,,"
					In Stock				",https://www.brabbu.com/product/lighting/syrad/wall-light/,20/04/2023,brabbu
VALKIE WALL LIGHT,VALKIE WALL LIGHT,lighting,Wall Lights,"
				<p></p><p></p>



As a legend in Norse mythology, Valkyrie stool has a cultural influence in Scandinavian lands. Its influence led to the creation of VALKIE Wall Light, a contemporary lighting product in matte brass. This contemporary wall light is a versatile product that will shine like lightning in any modern interior design.



<br><p></p>			",https://www.brabbu.com/resources/images/products/115/gallery/valkie-wall-lamp-contemporary-lighting-design-by-brabbu-1.jpg,https://www.brabbu.com/resources//images/products/115/gallery/previews/valkie-wall-lamp-contemporary-lighting-design-by-brabbu-2.jpg,,,,,,,,,,,https://www.brabbu.com/product/lighting/valkie/wall-light/,20/04/2023,brabbu
SOLEIL WALL LIGHT,SOLEIL WALL LIGHT,lighting,Wall Lights,"
				<p></p><p></p>



In an attempt to reinterpret the sun in a contemporary lighting item, our designers conceived SOLEIL Wall Light. With a structure in hammered brass, this wall sconce will expand all over any room like sunlight rays. Discreet yet remarkable, brass wall light design will bring warm light to modern home decor.



<br><p></p>			",https://www.brabbu.com/resources/images/products/113/gallery/soleil-wall-lamp-contemporary-lighting-design-by-brabbu-1.jpg,https://www.brabbu.com/resources//images/products/113/gallery/previews/soleil-wall-lamp-contemporary-lighting-design-by-brabbu-2.jpg,https://www.brabbu.com/resources//images/products/113/gallery/previews/soleil-wall-lamp-contemporary-lighting-design-by-brabbu-3.jpg,https://www.brabbu.com/resources//images/products/113/gallery/previews/soleil-wall-lamp-contemporary-lighting-design-by-brabbu-3.jpg,https://www.brabbu.com/resources//images/products/113/gallery/previews/soleil-wall-lamp-contemporary-lighting-design-by-brabbu-3.jpg,https://www.brabbu.com/resources//images/products/113/gallery/previews/soleil-wall-lamp-contemporary-lighting-design-by-brabbu-3.jpg,https://www.brabbu.com/resources//images/products/113/gallery/previews/soleil-wall-lamp-contemporary-lighting-design-by-brabbu-3.jpg,https://www.brabbu.com/resources//images/products/113/gallery/previews/soleil-wall-lamp-contemporary-lighting-design-by-brabbu-3.jpg,https://www.brabbu.com/resources//images/products/113/gallery/previews/soleil-wall-lamp-contemporary-lighting-design-by-brabbu-3.jpg,https://www.brabbu.com/resources//images/products/113/gallery/previews/soleil-wall-lamp-contemporary-lighting-design-by-brabbu-3.jpg,,,https://www.brabbu.com/product/lighting/soleil/wall-light/,20/04/2023,brabbu
CYBO II WALL LIGHT,CYBO II WALL LIGHT,lighting,Wall Lights,"
				<p></p><p></p>



In Ancient Rome, the marble quarries were managed by the Cybo and Malaspina families who ruled over Massa and Carrara. This inspired the creation of CYBO Double Cylinder Wall Light. A masterpiece featuring a structure in matte brass and a base in Carrara marble or walnut wood. It is the perfect modern wall light to create a cosy and magnificent ambience.



<br><p></p>			",https://www.brabbu.com/resources/images/products/349/gallery/cybo-wall-light-2-by-brabbu-1.jpg,,,,,,,,,,,"
					In Stock				",https://www.brabbu.com/product/lighting/cybo-ii/wall-light/,20/04/2023,brabbu
OMBAK WALL LIGHT,OMBAK WALL LIGHT,lighting,Wall Lights,"
				<p>



Waves are formed when energy passes through the water, making it move in a circular motion. Taking inspiration from this impressive movement of the water, OMBAK Wall Light was born. OMBAK – which means waves in Indonesian - has an aged brushed brass structure and a blown glass diffuser that will spread a dazzling light across any room. Like ocean waves, this brass and glass modern wall light produces a beautiful, calming light that will fit in any modern interior design.



<br></p>			",https://www.brabbu.com/resources/images/products/454/gallery/ombak-wall-light-1-540x505.png,https://www.brabbu.com/resources//images/products/454/gallery/previews/ombak-wall-light-2-167x93.png,https://www.brabbu.com/resources//images/products/454/gallery/previews/ombak-wall-light-3-167x93.png,https://www.brabbu.com/resources//images/products/454/gallery/previews/ombak-wall-light-3-167x93.png,https://www.brabbu.com/resources//images/products/454/gallery/previews/ombak-wall-light-3-167x93.png,https://www.brabbu.com/resources//images/products/454/gallery/previews/ombak-wall-light-3-167x93.png,https://www.brabbu.com/resources//images/products/454/gallery/previews/ombak-wall-light-3-167x93.png,https://www.brabbu.com/resources//images/products/454/gallery/previews/ombak-wall-light-3-167x93.png,https://www.brabbu.com/resources//images/products/454/gallery/previews/ombak-wall-light-3-167x93.png,https://www.brabbu.com/resources//images/products/454/gallery/previews/ombak-wall-light-3-167x93.png,,"
					In Stock				",https://www.brabbu.com/product/lighting/ombak/wall-light/,20/04/2023,brabbu
AURUM XL WALL LIGHT,AURUM XL WALL LIGHT,lighting,Wall Lights,"
				<p>

Aurum is the Latin word for gold. This imposing metal is also named a contemporary lighting item made of matte hammered brass in a long wall light option. With a unique design, AURUM XL Wall Light will bring comfort in the darkest nights with its warm yet sensitive light. This contemporary wall light is part of the AURUM Lighting Collection that includes also another wall light and suspension light in different shapes and sizes.

<br></p>			",https://www.brabbu.com/resources/images/products/724/gallery/1_540x505_aurumxl.jpg,https://www.brabbu.com/resources//images/products/724/gallery/previews/2_167x93_aurumxl.jpg,https://www.brabbu.com/resources//images/products/724/gallery/previews/3_167x93_aurumxl.jpg,https://www.brabbu.com/resources//images/products/724/gallery/previews/3_167x93_aurumxl.jpg,https://www.brabbu.com/resources//images/products/724/gallery/previews/3_167x93_aurumxl.jpg,https://www.brabbu.com/resources//images/products/724/gallery/previews/3_167x93_aurumxl.jpg,https://www.brabbu.com/resources//images/products/724/gallery/previews/3_167x93_aurumxl.jpg,https://www.brabbu.com/resources//images/products/724/gallery/previews/3_167x93_aurumxl.jpg,https://www.brabbu.com/resources//images/products/724/gallery/previews/3_167x93_aurumxl.jpg,https://www.brabbu.com/resources//images/products/724/gallery/previews/3_167x93_aurumxl.jpg,,"
					In Stock				",https://www.brabbu.com/product/lighting/aurum-xl/wall-light/,20/04/2023,brabbu
CYRUS DOUBLE I WALL LIGHT,CYRUS DOUBLE I WALL LIGHT,lighting,Wall Lights,"
				<p>

Cyrus was the brave Persian king that conquered Babylonia and its Cylinder was the document that proves it. CYRUS Double I Wall Light was inspired by the freedom and the vast culture of the Persian civilisation. This double cylinder modern wall light is part of the CYRUS lighting collection that includes some of BRABBU best sellers and most wanted lighting products, ranging from wall lights, table lights and ﬂoor lights. Add a touch of ﬁerceness to any room with this simple and exquisite lighting collection.

<br></p>			",https://www.brabbu.com/resources/images/products/726/gallery/CYRUS-II.jpg,,,,,,,,,,,"
					In Stock				",https://www.brabbu.com/product/lighting/cyrus-double-i/wall-light/,20/04/2023,brabbu
CYRUS DOUBLE II WALL LIGHT,CYRUS DOUBLE II WALL LIGHT,lighting,Wall Lights,"
				<p>

Cyrus was the brave Persian king that conquered Babylonia and its Cylinder was the document that proves it. CYRUS Double II Wall Light was inspired by the freedom and the vast culture of the Persian civilisation. This gold double cylinder wall light is part of the CYRUS lighting collection that includes some of BRABBU best sellers and most wanted lighting products, ranging from wall lights, table lights and ﬂoor lights. Add a touch of ﬁerceness to any room with this simple and exquisite lighting collection.

<br></p>			",https://www.brabbu.com/resources/images/products/727/gallery/CYRUS-III.jpg,,,,,,,,,,,"
					In Stock				",https://www.brabbu.com/product/lighting/cyrus-double-ii/wall-light/,20/04/2023,brabbu
CYRUS DOUBLE I XL WALL LIGHT,CYRUS DOUBLE I XL WALL LIGHT,lighting,Wall Lights,"
				<p>



Cyrus was the brave Persian king that conquered Babylonia and its Cylinder was the document that proves it. CYRUS Double I XL Wall Light was inspired by the freedom and the vast culture of the Persian civilisation. This double sconce long golden wall light is part of the CYRUS lighting collection that includes some of BRABBU best sellers and most wanted lighting products, ranging from wall lights, table lights and ﬂoor lights. Add a touch of ﬁerceness to any room with this simple and exquisite lighting collection.



<br></p>			",https://www.brabbu.com/resources/images/products/728/gallery/CYRUS-XL-II.jpg,,,,,,,,,,,,https://www.brabbu.com/product/lighting/cyrus-double-i-xl/wall-light/,20/04/2023,brabbu
CYRUS DOUBLE II XL WALL LIGHT,CYRUS DOUBLE II XL WALL LIGHT,lighting,Wall Lights,"
				<p>

Cyrus was the brave Persian king that conquered Babylonia and its Cylinder was the document that proves it. CYRUS Double II XL Light was inspired by the freedom and the vast culture of the Persian civilisation. This double sconce modern wall light is part of the CYRUS lighting collection that includes some of BRABBU best sellers and most wanted lighting products, ranging from wall lights, table lights and ﬂoor lights. Add a touch of ﬁerceness to any room with this simple and exquisite lighting collection.

<br></p>			",https://www.brabbu.com/resources/images/products/729/gallery/CYRUS-XL-III.jpg,,,,,,,,,,,"
					In Stock				",https://www.brabbu.com/product/lighting/cyrus-double-ii-xl/wall-light/,20/04/2023,brabbu
SAKI XL WALL LIGHT,SAKI XL WALL LIGHT,lighting,Wall Lights,"
				<p>

Located in Japan, Sakishima Islands are part of the Ryukyu Islands chain. SAKI XL Wall Light is a tribute to this unforgettable island group. This gold-plated brass sconce is a remarkable lighting product that will create a warm and cosy modern interior design with an exotic touch. This XL version of the contemporary wall light is the new addition to the SAKI collection that ranges from wall lights, pendant lights and suspension lights.

<br></p>			",https://www.brabbu.com/resources/images/products/731/gallery/1_540x505.jpg,https://www.brabbu.com/resources//images/products/731/gallery/previews/2_167x93.jpg,https://www.brabbu.com/resources//images/products/731/gallery/previews/3_167x93.jpg,https://www.brabbu.com/resources//images/products/731/gallery/previews/3_167x93.jpg,https://www.brabbu.com/resources//images/products/731/gallery/previews/3_167x93.jpg,https://www.brabbu.com/resources//images/products/731/gallery/previews/3_167x93.jpg,https://www.brabbu.com/resources//images/products/731/gallery/previews/3_167x93.jpg,https://www.brabbu.com/resources//images/products/731/gallery/previews/3_167x93.jpg,https://www.brabbu.com/resources//images/products/731/gallery/previews/3_167x93.jpg,https://www.brabbu.com/resources//images/products/731/gallery/previews/3_167x93.jpg,,,https://www.brabbu.com/product/lighting/saki-xl/wall-light/,20/04/2023,brabbu
AURUM WALL LIGHT,AURUM WALL LIGHT,lighting,Wall Lights,,https://www.brabbu.com/resources/images/products/89/gallery/02.jpg,https://www.brabbu.com/resources/images/products/89/gallery/02.jpg,https://www.brabbu.com/resources/images/products/89/gallery/03.jpg,https://www.brabbu.com/resources/images/products/89/gallery/aurum%20wall.jpg,https://www.brabbu.com/resources/images/products/89/gallery/pag_produto.jpg,,,,,,https://www.youtube.com/embed/fkz6-yCbrmQ?showinfo=0,LEAD TIME: 4 TO 6 WEEKS,https://www.brabbu.com/home/product/lighting/aurum/wall-light,20/04/2023,brabbu
CAY WALL LIGHT,CAY WALL LIGHT,lighting,Wall Lights,"





Nature in its rawest form flows through CAY Wall Light as lava flows from a volcano eruption. With a structure in matte casted brass, this brass sconce was designed to embody nature’s ultimate scream. This modern living room wall light will fill it with a splendid golden light.

",https://www.brabbu.com/resources/images/products/90/gallery/01.jpg,https://www.brabbu.com/resources/images/products/90/gallery/02.jpg,https://www.brabbu.com/resources/images/products/90/gallery/04.jpg,https://www.brabbu.com/resources/images/products/90/gallery/05.jpg,https://www.brabbu.com/resources/images/products/90/gallery/08.jpg,https://www.brabbu.com/resources/images/products/90/gallery/06.jpg,https://www.brabbu.com/resources/images/products/90/gallery/07.jpg,https://www.brabbu.com/resources/images/products/90/gallery/01.jpg,https://www.brabbu.com/resources/images/products/90/gallery/02.jpg,https://www.brabbu.com/resources/images/products/90/gallery/nuka+cay%20side%20table+cay%20wall.jpg,https://www.youtube.com/embed/sy7dce-fU6E?showinfo=0,IN STOCK,https://www.brabbu.com/home/product/lighting/cay/wall-light,20/04/2023,brabbu
NIKU WALL LIGHT,NIKU WALL LIGHT,lighting,Wall Lights,,https://www.brabbu.com/resources/images/products/94/gallery/niku_wall_light_800x500.jpg,,,,,,,,,,https://www.youtube.com/embed/fkz6-yCbrmQ?showinfo=0,IN STOCK,https://www.brabbu.com/home/product/lighting/niku/wall-light,20/04/2023,brabbu
PHONG WALL LIGHT,PHONG WALL LIGHT,lighting,Wall Lights,,https://www.brabbu.com/resources/images/products/95/gallery/4Z2A5528.png,https://www.brabbu.com/resources/images/products/95/gallery/1.jpg,https://www.brabbu.com/resources/images/products/95/gallery/3.jpg,https://www.brabbu.com/resources/images/products/95/gallery/4.jpg,https://www.brabbu.com/resources/images/products/95/gallery/4Z2A5524_p.png,https://www.brabbu.com/resources/images/products/95/gallery/4Z2A5528_p.png,https://www.brabbu.com/resources/images/products/95/gallery/4Z2A5537_p.png,https://www.brabbu.com/resources/images/products/95/gallery/4Z2A5538_p.png,https://www.brabbu.com/resources/images/products/95/gallery/4Z2A5547_p.png,https://www.brabbu.com/resources/images/products/95/gallery/4Z2A5524.png,https://www.youtube.com/embed/sy7dce-fU6E?showinfo=0,LEAD TIME: 4 TO 6 WEEKS,https://www.brabbu.com/home/product/lighting/phong/wall-light,20/04/2023,brabbu
PANJI WALL LIGHT,PANJI WALL LIGHT,lighting,Wall Lights,"
				<p></p><p></p>



Used since ancient times in rituals and festivities, masks are mysterious and unpredictable. Just like PANJI Wall Light, a contemporary lighting product made of finished hammered brass with matte varnish. Let the mysticism of this contemporary brass wall sconce influence your modern interior design.



<br><p></p>			",https://www.brabbu.com/resources/images/products/96/gallery/panji-wall-light-contemporary-lighting-design-by-brabbu-1.jpg,https://www.brabbu.com/resources//images/products/96/gallery/previews/panji-wall-light-contemporary-lighting-design-by-brabbu-2.jpg,https://www.brabbu.com/resources//images/products/96/gallery/previews/panji-wall-light-contemporary-lighting-design-by-brabbu-3.jpg,https://www.brabbu.com/resources//images/products/96/gallery/previews/panji-wall-light-contemporary-lighting-design-by-brabbu-3.jpg,https://www.brabbu.com/resources//images/products/96/gallery/previews/panji-wall-light-contemporary-lighting-design-by-brabbu-3.jpg,https://www.brabbu.com/resources//images/products/96/gallery/previews/panji-wall-light-contemporary-lighting-design-by-brabbu-3.jpg,https://www.brabbu.com/resources//images/products/96/gallery/previews/panji-wall-light-contemporary-lighting-design-by-brabbu-3.jpg,https://www.brabbu.com/resources//images/products/96/gallery/previews/panji-wall-light-contemporary-lighting-design-by-brabbu-3.jpg,https://www.brabbu.com/resources//images/products/96/gallery/previews/panji-wall-light-contemporary-lighting-design-by-brabbu-3.jpg,https://www.brabbu.com/resources//images/products/96/gallery/previews/panji-wall-light-contemporary-lighting-design-by-brabbu-3.jpg,,"
					In Stock				",https://www.brabbu.com/product/lighting/panji/wall-light/,20/04/2023,brabbu
SAKI WALL LIGHT,SAKI WALL LIGHT,lighting,Wall Lights,"
				<p></p><p></p>



Located in Japan, Sakishima Islands are part of the Ryukyu Islands chain. SAKI Wall Light is a tribute to this unforgettable island group. This gold plated brass wall light is a remarkable lighting product that will create a warm and cosy modern interior design with an exotic touch.



<br><p></p>			",https://www.brabbu.com/resources/images/products/97/gallery/saki-wall-lamp-contemporary-lighting-design-by-brabbu-1.jpg,https://www.brabbu.com/resources//images/products/97/gallery/previews/saki-wall-lamp-contemporary-lighting-design-by-brabbu-2.jpg,https://www.brabbu.com/resources//images/products/97/gallery/previews/saki-wall-lamp-contemporary-lighting-design-by-brabbu-3.jpg,https://www.brabbu.com/resources//images/products/97/gallery/previews/saki-wall-lamp-contemporary-lighting-design-by-brabbu-3.jpg,https://www.brabbu.com/resources//images/products/97/gallery/previews/saki-wall-lamp-contemporary-lighting-design-by-brabbu-3.jpg,https://www.brabbu.com/resources//images/products/97/gallery/previews/saki-wall-lamp-contemporary-lighting-design-by-brabbu-3.jpg,https://www.brabbu.com/resources//images/products/97/gallery/previews/saki-wall-lamp-contemporary-lighting-design-by-brabbu-3.jpg,https://www.brabbu.com/resources//images/products/97/gallery/previews/saki-wall-lamp-contemporary-lighting-design-by-brabbu-3.jpg,https://www.brabbu.com/resources//images/products/97/gallery/previews/saki-wall-lamp-contemporary-lighting-design-by-brabbu-3.jpg,https://www.brabbu.com/resources//images/products/97/gallery/previews/saki-wall-lamp-contemporary-lighting-design-by-brabbu-3.jpg,,"
					In Stock				",https://www.brabbu.com/product/lighting/saki/wall-light/,20/04/2023,brabbu
SHAKA WALL LIGHT,SHAKA WALL LIGHT,lighting,Wall Lights,"
				<p></p><p></p>



Shaka Zulu was one of the most influential monarchs of the Zulu Kingdom, building an empire from an ethnic group with little territorial expression. SHAKA Wall Light honours his figure in a unique product composed of hammered brushed aged brass. This contemporary brass wall light will create an imposing yet perfectly balanced golden light in your modern home decor.



<br><p></p>			",https://www.brabbu.com/resources/images/products/99/gallery/shaka-wall-light-1.jpg,https://www.brabbu.com/resources//images/products/99/gallery/previews/shaka-wall-light-4.jpg,https://www.brabbu.com/resources//images/products/99/gallery/previews/shaka-wall-light-5.jpg,https://www.brabbu.com/resources//images/products/99/gallery/previews/shaka-wall-light-5.jpg,https://www.brabbu.com/resources//images/products/99/gallery/previews/shaka-wall-light-5.jpg,https://www.brabbu.com/resources//images/products/99/gallery/previews/shaka-wall-light-5.jpg,https://www.brabbu.com/resources//images/products/99/gallery/previews/shaka-wall-light-5.jpg,https://www.brabbu.com/resources//images/products/99/gallery/previews/shaka-wall-light-5.jpg,https://www.brabbu.com/resources//images/products/99/gallery/previews/shaka-wall-light-5.jpg,https://www.brabbu.com/resources//images/products/99/gallery/previews/shaka-wall-light-5.jpg,,"
					In Stock				",https://www.brabbu.com/product/lighting/shaka/wall-light/,20/04/2023,brabbu
ARUNA WALL LIGHT,ARUNA WALL LIGHT,lighting,Wall Lights,,https://www.brabbu.com/resources/images/products/112/gallery/ARUNA%20Wall%20Light_07.jpg,https://www.brabbu.com/resources/images/products/112/gallery/02.jpg,https://www.brabbu.com/resources/images/products/112/gallery/03.jpg,https://www.brabbu.com/resources/images/products/112/gallery/04.jpg,https://www.brabbu.com/resources/images/products/112/gallery/06.jpg,https://www.brabbu.com/resources/images/products/112/gallery/05.jpg,https://www.brabbu.com/resources/images/products/112/gallery/07.jpg,https://www.brabbu.com/resources/images/products/112/gallery/08.jpg,https://www.brabbu.com/resources/images/products/112/gallery/09.jpg,https://www.brabbu.com/resources/images/products/112/gallery/10.jpg,https://www.youtube.com/embed/E6pzbsPdQOs?showinfo=0,LEAD TIME: 4 TO 6 WEEKS,https://www.brabbu.com/home/product/lighting/aruna/wall-light,20/04/2023,brabbu
CYRUS WALL LIGHT,CYRUS WALL LIGHT,lighting,Wall Lights,,https://www.brabbu.com/resources/images/products/275/gallery/7_540x505.jpg,https://www.brabbu.com/resources/images/products/275/gallery/cyrus-wall-light-2.jpg,https://www.brabbu.com/resources/images/products/275/gallery/cyrus-wall-light-3.jpg,https://www.brabbu.com/resources/images/products/275/gallery/cyrus-wall-light-4.jpg,https://www.brabbu.com/resources/images/products/275/gallery/1_540x505.jpg,https://www.brabbu.com/resources/images/products/275/gallery/2_540x505.jpg,https://www.brabbu.com/resources/images/products/275/gallery/3_540x505.jpg,https://www.brabbu.com/resources/images/products/275/gallery/4_540x505.jpg,https://www.brabbu.com/resources/images/products/275/gallery/5_540x505.jpg,https://www.brabbu.com/resources/images/products/275/gallery/6_540x505.jpg,https://www.youtube.com/embed/E6pzbsPdQOs?showinfo=0,IN STOCK,https://www.brabbu.com/home/product/lighting/cyrus/wall-light,20/04/2023,brabbu
VELLUM WALL LIGHT,VELLUM WALL LIGHT,lighting,Wall Lights,,https://www.brabbu.com/resources/images/products/289/gallery/3_800x500_2_.jpg,https://www.brabbu.com/resources/images/products/289/gallery/2_800x500_2_.jpg,https://www.brabbu.com/resources/images/products/289/gallery/3_800x500_2_.jpg,https://www.brabbu.com/resources/images/products/289/gallery/vellum%20wall%20light%20800x500-%205.jpg,https://www.brabbu.com/resources/images/products/289/gallery/vellum%20wall%20light%20800x500-%206.jpg,https://www.brabbu.com/resources/images/products/289/gallery/vellum%20wall%20light%20800x500-%207.jpg,,,,,https://www.youtube.com/embed/E6pzbsPdQOs?showinfo=0,IN STOCK,https://www.brabbu.com/home/product/lighting/vellum/wall-light,20/04/2023,brabbu
NAICCA WALL LIGHT,NAICCA WALL LIGHT,lighting,Wall Lights,"
				<p></p><div><div><div><div><p></p></div></div></div></div>



A brass lamp that recalls the Giant Crystal Caves in Mexico, NAICCA Wall Light represents the legend of crystal origins – created to represent the dancing soul motion. The brass structure and the quartz crystal of NAICCA Wall Light merge in this contemporary lighting to brighten your spirit with an elegant touch. This contemporary brass with quartz crystal wall light will be the talk of your modern home design.



<br><p></p>			",https://www.brabbu.com/resources/images/products/628/gallery/naicca-wall-light-1-540x505.jpg,https://www.brabbu.com/resources//images/products/628/gallery/previews/naicca-wall-light-2-167x93.jpg,https://www.brabbu.com/resources//images/products/628/gallery/previews/1_167x93.jpg,https://www.brabbu.com/resources//images/products/628/gallery/previews/1_167x93.jpg,https://www.brabbu.com/resources//images/products/628/gallery/previews/1_167x93.jpg,https://www.brabbu.com/resources//images/products/628/gallery/previews/1_167x93.jpg,https://www.brabbu.com/resources//images/products/628/gallery/previews/1_167x93.jpg,https://www.brabbu.com/resources//images/products/628/gallery/previews/1_167x93.jpg,https://www.brabbu.com/resources//images/products/628/gallery/previews/1_167x93.jpg,https://www.brabbu.com/resources//images/products/628/gallery/previews/1_167x93.jpg,,"
					In Stock				",https://www.brabbu.com/product/lighting/naicca/wall-light/,20/04/2023,brabbu
VELLUM XL WALL LIGHT,VELLUM XL WALL LIGHT,lighting,Wall Lights,"
				<p>

In ancient manuscripts, messages were written on vellum, a ﬁne and translucent material. Every story you create in your home will be highlighted by the warmth of VELLUM XL Wall Light. This modern wall light features a long body in glossy hammered aged brass outside and glossy hammered polished brass inside. VELLUM XL Wall Light is part of the VELLUM lighting collection, ranging from table light, ﬂoor light to suspension light and wall light, so you can decorate any room with this amazing lighting family.

<br></p>			",https://www.brabbu.com/resources/images/products/723/gallery/VELLUM%20XL-1.jpg,https://www.brabbu.com/resources//images/products/723/gallery/previews/1_167x93.jpg,https://www.brabbu.com/resources//images/products/723/gallery/previews/3_167x93.jpg,https://www.brabbu.com/resources//images/products/723/gallery/previews/3_167x93.jpg,https://www.brabbu.com/resources//images/products/723/gallery/previews/3_167x93.jpg,https://www.brabbu.com/resources//images/products/723/gallery/previews/3_167x93.jpg,https://www.brabbu.com/resources//images/products/723/gallery/previews/3_167x93.jpg,https://www.brabbu.com/resources//images/products/723/gallery/previews/3_167x93.jpg,https://www.brabbu.com/resources//images/products/723/gallery/previews/3_167x93.jpg,https://www.brabbu.com/resources//images/products/723/gallery/previews/3_167x93.jpg,,"
					In Stock				",https://www.brabbu.com/product/lighting/vellum-xl/wall-light/,20/04/2023,brabbu
CYRUS XL WALL LIGHT,CYRUS XL WALL LIGHT,lighting,Wall Lights,"

Cyrus was the brave Persian king that conquered Babylonia and its Cylinder was the document that proves it. CYRUS XL Wall Light was inspired by the freedom and the vast culture of the Persian civilisation. This elegantly long and classic wall light is part of the CYRUS lighting collection that includes some of BRABBU best sellers and most wanted lighting products, ranging from wall lights, table lights and ﬂoor lights. Add a touch of ﬁerceness to any room with this simple and exquisite lighting collection.

<br>",https://www.brabbu.com/resources/images/products/725/gallery/cyrus-xl-wall-light-1.jpg,,,,,,,,,,https://www.youtube.com/embed/fkz6-yCbrmQ?showinfo=0,IN STOCK,https://www.brabbu.com/home/product/lighting/cyrus-xl/wall-light,20/04/2023,brabbu
MCQUEEN WALL LIGHT,MCQUEEN WALL LIGHT,lighting,Wall Lights,"Made in brass with gold plated, handmade butterflies and majestic flowers, ending with the touch of the beautiful Swarovski crystals. The wall version of McQueen Chandelier evokes a dramatic and eccentric sensation of beauty.",https://www.brabbu.com/resources/images/products/813/gallery/01.jpg,,,,,,,,,,https://www.youtube.com/embed/gf_Tt02I2W4?showinfo=0,LEAD TIME: 4 TO 6 WEEKS,https://www.brabbu.com/home/product/lighting/mcqueen/wall-light,20/04/2023,brabbu
,,lighting,Wall Lights,,,,,,,,,,,,,LEAD TIME: 4 TO 6 WEEKS,https://www.brabbu.com/home/product/lighting/metamorphosis/wall-light,20/04/2023,brabbu
AURUM II SUSPENSION LIGHT,AURUM II SUSPENSION LIGHT,lighting,Suspension Lights,"
				<p>



Aurum is the Latin word for gold. This imposing metal is also named a contemporary lighting item made of matte hammered brass. With a unique design, AURUM Round Suspension Light will bring comfort in the darkest nights with its warm yet sensitive light. This round hanging ceiling light is sure to impress.



<br></p>			",https://www.brabbu.com/resources/images/products/101/gallery/2_540x505.jpg,https://www.brabbu.com/resources//images/products/101/gallery/previews/1_167x93.jpg,https://www.brabbu.com/resources//images/products/101/gallery/previews/3_167x93.jpg,https://www.brabbu.com/resources//images/products/101/gallery/previews/3_167x93.jpg,https://www.brabbu.com/resources//images/products/101/gallery/previews/3_167x93.jpg,https://www.brabbu.com/resources//images/products/101/gallery/previews/3_167x93.jpg,https://www.brabbu.com/resources//images/products/101/gallery/previews/3_167x93.jpg,https://www.brabbu.com/resources//images/products/101/gallery/previews/3_167x93.jpg,https://www.brabbu.com/resources//images/products/101/gallery/previews/3_167x93.jpg,https://www.brabbu.com/resources//images/products/101/gallery/previews/3_167x93.jpg,,"
					In Stock				",https://www.brabbu.com/product/lighting/aurum-ii/suspension-light/,20/04/2023,brabbu
CALLA SUSPENSION LIGHT,CALLA SUSPENSION LIGHT,lighting,Suspension Lights,"
				<p>



With origins in South Africa, the Calla Lily flower is one of the most graceful things Nature has conceived. Inspired by its delicacy, our design team created CALLA Suspension Light. With a gracefully aged brass top in the shape of elegant leaves, the beauty of this modern hanging ceiling light is undeniable.



<br></p>			",https://www.brabbu.com/resources/images/products/583/gallery/calla-suspention-1-540x505.jpg,https://www.brabbu.com/resources//images/products/583/gallery/previews/calla-suspention-2-167x93.jpg,https://www.brabbu.com/resources//images/products/583/gallery/previews/calla-suspention-3-167x93.jpg,https://www.brabbu.com/resources//images/products/583/gallery/previews/calla-suspention-3-167x93.jpg,https://www.brabbu.com/resources//images/products/583/gallery/previews/calla-suspention-3-167x93.jpg,https://www.brabbu.com/resources//images/products/583/gallery/previews/calla-suspention-3-167x93.jpg,https://www.brabbu.com/resources//images/products/583/gallery/previews/calla-suspention-3-167x93.jpg,https://www.brabbu.com/resources//images/products/583/gallery/previews/calla-suspention-3-167x93.jpg,https://www.brabbu.com/resources//images/products/583/gallery/previews/calla-suspention-3-167x93.jpg,https://www.brabbu.com/resources//images/products/583/gallery/previews/calla-suspention-3-167x93.jpg,,"
					In Stock				",https://www.brabbu.com/product/lighting/calla/suspension-light/,20/04/2023,brabbu
KOBEN SUSPENSION LIGHT,KOBEN SUSPENSION LIGHT,lighting,Suspension Lights,"
				<p></p><p></p>



København was a Viking fishing village known for its brave people. KOBEN Suspension Light pays tribute to this heritage. The modern suspension light has a structure that features details in brushed copper, brushed brass and aged brass. Perfect to give an unexpected touch to modern home decor.



<br><p></p>			",https://www.brabbu.com/resources/images/products/104/gallery/koben-contemporary-ceiling-light-1.jpg,https://www.brabbu.com/resources//images/products/104/gallery/previews/koben-contemporary-ceiling-light-4.jpg,https://www.brabbu.com/resources//images/products/104/gallery/previews/koben-contemporary-ceiling-light-3.jpg,https://www.brabbu.com/resources//images/products/104/gallery/previews/koben-contemporary-ceiling-light-3.jpg,https://www.brabbu.com/resources//images/products/104/gallery/previews/koben-contemporary-ceiling-light-3.jpg,https://www.brabbu.com/resources//images/products/104/gallery/previews/koben-contemporary-ceiling-light-3.jpg,https://www.brabbu.com/resources//images/products/104/gallery/previews/koben-contemporary-ceiling-light-3.jpg,https://www.brabbu.com/resources//images/products/104/gallery/previews/koben-contemporary-ceiling-light-3.jpg,https://www.brabbu.com/resources//images/products/104/gallery/previews/koben-contemporary-ceiling-light-3.jpg,https://www.brabbu.com/resources//images/products/104/gallery/previews/koben-contemporary-ceiling-light-3.jpg,,,https://www.brabbu.com/product/lighting/koben/suspension-light/,20/04/2023,brabbu
SOLEIL SUSPENSION LIGHT,SOLEIL SUSPENSION LIGHT,lighting,Suspension Lights,"
				<p></p><p></p>



In an attempt to reinterpret the sun in a contemporary lighting item, our designers conceived SOLEIL Suspension Light. With a structure in hammered brass, this chandelier will expand all over any room like sunlight rays. Discreet yet remarkable, this modern brass hanging ceiling light will bring warm light to modern home decor.



<br><p></p>			",https://www.brabbu.com/resources/images/products/107/gallery/soleil-brass-chandelier-contemporary-design-1.jpg,https://www.brabbu.com/resources//images/products/107/gallery/previews/soleil-brass-chandelier-contemporary-design-2.jpg,,,,,,,,,,,https://www.brabbu.com/product/lighting/soleil/suspension-light/,20/04/2023,brabbu
VELLUM SUSPENSION LIGHT,VELLUM SUSPENSION LIGHT,lighting,Suspension Lights,"
				<p></p><p></p>



In ancient manuscripts, messages were written on vellum, a fine and translucent material. Featuring a structure in hammered brushed aged brass, every story you create in your home will be highlighted by the warmth of VELLUM Suspension Light. Place this hanging ceiling light above a modern sofa and relax with your latest read.



<br><p></p>			",https://www.brabbu.com/resources/images/products/108/gallery/vellum-contemporary-lighting-design-1.jpg,https://www.brabbu.com/resources//images/products/108/gallery/previews/vellum-contemporary-lighting-design-2.jpg,https://www.brabbu.com/resources//images/products/108/gallery/previews/vellum-contemporary-lighting-design-3.jpg,https://www.brabbu.com/resources//images/products/108/gallery/previews/vellum-contemporary-lighting-design-3.jpg,https://www.brabbu.com/resources//images/products/108/gallery/previews/vellum-contemporary-lighting-design-3.jpg,https://www.brabbu.com/resources//images/products/108/gallery/previews/vellum-contemporary-lighting-design-3.jpg,https://www.brabbu.com/resources//images/products/108/gallery/previews/vellum-contemporary-lighting-design-3.jpg,https://www.brabbu.com/resources//images/products/108/gallery/previews/vellum-contemporary-lighting-design-3.jpg,https://www.brabbu.com/resources//images/products/108/gallery/previews/vellum-contemporary-lighting-design-3.jpg,https://www.brabbu.com/resources//images/products/108/gallery/previews/vellum-contemporary-lighting-design-3.jpg,,"
					In Stock				",https://www.brabbu.com/product/lighting/vellum/suspension-light/,20/04/2023,brabbu
AURUM SUSPENSION LIGHT,AURUM SUSPENSION LIGHT,lighting,Suspension Lights,"
				<p></p><p></p>



Aurum is the Latin word for gold. This imposing metal is also named a contemporary lighting item made of matte hammered brass. With a unique design, AURUM Rectangular Suspension Light will bring comfort in the darkest nights with its warm yet sensitive light. This modern rectangular hanging ceiling light is sure to impress.



<br><p></p>			",https://www.brabbu.com/resources/images/products/100/gallery/aurum-contemporary-ceiling-light-1-1.jpg,https://www.brabbu.com/resources//images/products/100/gallery/previews/aurum-contemporary-ceiling-light-1-3.jpg,https://www.brabbu.com/resources//images/products/100/gallery/previews/aurum-contemporary-ceiling-light-1-2.jpg,https://www.brabbu.com/resources//images/products/100/gallery/previews/aurum-contemporary-ceiling-light-1-2.jpg,https://www.brabbu.com/resources//images/products/100/gallery/previews/aurum-contemporary-ceiling-light-1-2.jpg,https://www.brabbu.com/resources//images/products/100/gallery/previews/aurum-contemporary-ceiling-light-1-2.jpg,https://www.brabbu.com/resources//images/products/100/gallery/previews/aurum-contemporary-ceiling-light-1-2.jpg,https://www.brabbu.com/resources//images/products/100/gallery/previews/aurum-contemporary-ceiling-light-1-2.jpg,https://www.brabbu.com/resources//images/products/100/gallery/previews/aurum-contemporary-ceiling-light-1-2.jpg,https://www.brabbu.com/resources//images/products/100/gallery/previews/aurum-contemporary-ceiling-light-1-2.jpg,,,https://www.brabbu.com/product/lighting/aurum/suspension-light/,20/04/2023,brabbu
AURUM III SUSPENSION LIGHT,AURUM III SUSPENSION LIGHT,lighting,Suspension Lights,,https://www.brabbu.com/resources/images/products/102/gallery/aurum-iii-suspension-light-2.jpg,https://www.brabbu.com/resources/images/products/102/gallery/aurum-iii-suspension-light-2.jpg,https://www.brabbu.com/resources/images/products/102/gallery/aurum-iii-suspension-light-3.jpg,https://www.brabbu.com/resources/images/products/102/gallery/aurum-iii-suspension-light-4.jpg,https://www.brabbu.com/resources/images/products/102/gallery/aurum-iii-suspension-light-5.jpg,,,,,,https://www.youtube.com/embed/E6pzbsPdQOs?showinfo=0,LEAD TIME: 4 TO 6 WEEKS,https://www.brabbu.com/home/product/lighting/aurum-iii/suspension-light,20/04/2023,brabbu
HORUS SUSPENSION LIGHT,HORUS SUSPENSION LIGHT,lighting,Suspension Lights,,https://www.brabbu.com/resources/images/products/103/gallery/3.jpg,,,,,,,,,,https://www.youtube.com/embed/sy7dce-fU6E?showinfo=0,IN STOCK,https://www.brabbu.com/home/product/lighting/horus/suspension-light,20/04/2023,brabbu
HORUS II SUSPENSION LIGHT,HORUS II SUSPENSION LIGHT,lighting,Suspension Lights,,https://www.brabbu.com/resources/images/products/116/gallery/1.jpg,,,,,,,,,,https://www.youtube.com/embed/sy7dce-fU6E?showinfo=0,LEAD TIME: 4 TO 6 WEEKS,https://www.brabbu.com/home/product/lighting/horus-ii/suspension-light,20/04/2023,brabbu
HORUS IRREGULAR SUSPENSION LIGHT,HORUS IRREGULAR SUSPENSION LIGHT,lighting,Suspension Lights,"



Horus, the God of the Sky and of the Rising Sun, was a deity that represented power and perfection. Inspired by this the HORUS Irregular Suspension Light pays tribute with its vertical and unusual form. With a structure in matte black lacquered brass and diffuseres in crackle glass, this suspension light promises to be a reference in the world of modern lighting design.



<br>",https://www.brabbu.com/resources/images/products/848/gallery/horus-irregular-suspension-light-7.jpg,https://www.brabbu.com/resources/images/products/848/gallery/horus-irregular-suspension-light-2.jpg,https://www.brabbu.com/resources/images/products/848/gallery/horus-irregular-suspension-light-3.jpg,https://www.brabbu.com/resources/images/products/848/gallery/horus-irregular-suspension-light-4.jpg,https://www.brabbu.com/resources/images/products/848/gallery/horus-irregular-suspension-light-5.jpg,https://www.brabbu.com/resources/images/products/848/gallery/horus-irregular-suspension-light-6.jpg,https://www.brabbu.com/resources/images/products/848/gallery/horus-irregular-suspension-light-7.jpg,https://www.brabbu.com/resources/images/products/848/gallery/horus-irregular-suspension-light-8.jpg,https://www.brabbu.com/resources/images/products/848/gallery/horus-irregular-suspension-light-10.jpg,https://www.brabbu.com/resources/images/products/848/gallery/horus-irregular-suspension-light-9.jpg,https://www.youtube.com/embed/gf_Tt02I2W4?showinfo=0,IN STOCK,https://www.brabbu.com/home/product/lighting/horus-irregular/suspension-light,20/04/2023,brabbu
HORUS IRREGULAR BIG SUSPENSION LIGHT,HORUS IRREGULAR BIG SUSPENSION LIGHT,lighting,Suspension Lights,"





Just like the God of the sky and the rising sun, HORUS Irregular Big Suspension Light promises to be a reference in modern interior design. Featuring a structure in matte black lacquered brass and shades in crackle glass, this modern suspension light is the ideal choice for a modern living room design.





<br>",https://www.brabbu.com/resources/images/products/849/gallery/horus-irregular-big-suspension-light-8.jpg,https://www.brabbu.com/resources/images/products/849/gallery/horus-irregular-big-suspension-light-4.jpg,https://www.brabbu.com/resources/images/products/849/gallery/horus-irregular-big-suspension-light-1.jpg,https://www.brabbu.com/resources/images/products/849/gallery/horus-irregular-big-suspension-light-2.jpg,https://www.brabbu.com/resources/images/products/849/gallery/horus-irregular-big-suspension-light-9.jpg,https://www.brabbu.com/resources/images/products/849/gallery/horus-irregular-big-suspension-light-7.jpg,https://www.brabbu.com/resources/images/products/849/gallery/horus-irregular-big-suspension-light-8.jpg,https://www.brabbu.com/resources/images/products/849/gallery/horus-irregular-big-suspension-light-6.jpg,https://www.brabbu.com/resources/images/products/849/gallery/horus-irregular-big-suspension-light-5.jpg,https://www.brabbu.com/resources/images/products/849/gallery/horus-irregular-big-suspension-light-10.jpg,https://www.youtube.com/embed/gf_Tt02I2W4?showinfo=0,LEAD TIME: 4 TO 6 WEEKS,https://www.brabbu.com/home/product/lighting/horus-irregular-big/suspension-light,20/04/2023,brabbu
NAICCA SUSPENSION LIGHT,NAICCA SUSPENSION LIGHT,lighting,Suspension Lights,,https://www.brabbu.com/resources/images/products/117/gallery/Naicca%20Suspension%20Light_800x500_5_.jpg,https://www.brabbu.com/resources/images/products/117/gallery/Naicca%20Suspension%20Light_800x500_5_.jpg,https://www.brabbu.com/resources/images/products/117/gallery/Naicca%20Suspension%20Light_800x500_4_.jpg,https://www.brabbu.com/resources/images/products/117/gallery/Naicca%20Suspension%20Light_800x500_1_.jpg,https://www.brabbu.com/resources/images/products/117/gallery/Naicca%20Suspension%20Light_800x500_2_.jpg,,,,,,https://www.youtube.com/embed/fkz6-yCbrmQ?showinfo=0,IN STOCK,https://www.brabbu.com/home/product/lighting/naicca/suspension-light,20/04/2023,brabbu
NAICCA LONG SUSPENSION LIGHT,NAICCA LONG SUSPENSION LIGHT,lighting,Suspension Lights,"
				<p>



The allure of the Mexican's Giant Crystal Caves inspired the creation of the NAICCA Long Suspension Light, an oblong chandelier that pays homage to the legend of the crystal origins. With an aged brushed brass structure and Quartz Crystal diffusers, this modern long chandelier will brighten any modern interior design, filling the room with a strong and peaceful atmosphere.



<br></p>			",https://www.brabbu.com/resources/images/products/850/gallery/1_540x505.jpg,https://www.brabbu.com/resources//images/products/850/gallery/previews/1_167x93_0003_2_540x505.jpg,https://www.brabbu.com/resources//images/products/850/gallery/previews/1_167x93_0002_3_540x505.jpg,https://www.brabbu.com/resources//images/products/850/gallery/previews/1_167x93_0002_3_540x505.jpg,https://www.brabbu.com/resources//images/products/850/gallery/previews/1_167x93_0002_3_540x505.jpg,https://www.brabbu.com/resources//images/products/850/gallery/previews/1_167x93_0002_3_540x505.jpg,https://www.brabbu.com/resources//images/products/850/gallery/previews/1_167x93_0002_3_540x505.jpg,https://www.brabbu.com/resources//images/products/850/gallery/previews/1_167x93_0002_3_540x505.jpg,https://www.brabbu.com/resources//images/products/850/gallery/previews/1_167x93_0002_3_540x505.jpg,https://www.brabbu.com/resources//images/products/850/gallery/previews/1_167x93_0002_3_540x505.jpg,,,https://www.brabbu.com/product/lighting/naicca-long/suspension-light/,20/04/2023,brabbu
NAICCA OVAL SUSPENSION LIGHT,NAICCA OVAL SUSPENSION LIGHT,lighting,Suspension Lights,"
				<p>





Inspired by the alluring Mexican Giant Crystal Caves, the NAICCA Oval Suspension Light represents the legend of this crystal origins. With a structure in aged brushed brass and Quartz Crystal diffusers, this modern oval suspension light will brighten any home decor, filling the room with a strong and peaceful atmosphere.





<br></p>			",https://www.brabbu.com/resources/images/products/851/gallery/1_540x505_0004_Oval_naicca_1.jpg,https://www.brabbu.com/resources//images/products/851/gallery/previews/1_167x93_0001_1_540x505_0003_Oval_naicca_2.jpg,https://www.brabbu.com/resources//images/products/851/gallery/previews/1_167x93_0002_1_540x505_0002_Oval_naicca_3.jpg,https://www.brabbu.com/resources//images/products/851/gallery/previews/1_167x93_0002_1_540x505_0002_Oval_naicca_3.jpg,https://www.brabbu.com/resources//images/products/851/gallery/previews/1_167x93_0002_1_540x505_0002_Oval_naicca_3.jpg,https://www.brabbu.com/resources//images/products/851/gallery/previews/1_167x93_0002_1_540x505_0002_Oval_naicca_3.jpg,https://www.brabbu.com/resources//images/products/851/gallery/previews/1_167x93_0002_1_540x505_0002_Oval_naicca_3.jpg,https://www.brabbu.com/resources//images/products/851/gallery/previews/1_167x93_0002_1_540x505_0002_Oval_naicca_3.jpg,https://www.brabbu.com/resources//images/products/851/gallery/previews/1_167x93_0002_1_540x505_0002_Oval_naicca_3.jpg,https://www.brabbu.com/resources//images/products/851/gallery/previews/1_167x93_0002_1_540x505_0002_Oval_naicca_3.jpg,,,https://www.brabbu.com/product/lighting/naicca-oval/suspension-light/,20/04/2023,brabbu
SAKI SUSPENSION LIGHT,SAKI SUSPENSION LIGHT,lighting,Suspension Lights,"
				<p></p><p></p>



Located in Japan, Sakishima Islands are part of the Ryukyu Islands chain. SAKI Suspension Light is a tribute to this unforgettable island group. This glossy brass suspension light is a remarkable lighting product that will create a warm and cosy modern interior design with an exotic touch.



<br><p></p>			",https://www.brabbu.com/resources/images/products/106/gallery/saki-suspension-light-contemporary-lighting-design-1.jpg,https://www.brabbu.com/resources//images/products/106/gallery/previews/saki-suspension-light-contemporary-lighting-design-2.jpg,https://www.brabbu.com/resources//images/products/106/gallery/previews/saki-suspension-light-contemporary-lighting-design-6.jpg,https://www.brabbu.com/resources//images/products/106/gallery/previews/saki-suspension-light-contemporary-lighting-design-6.jpg,https://www.brabbu.com/resources//images/products/106/gallery/previews/saki-suspension-light-contemporary-lighting-design-6.jpg,https://www.brabbu.com/resources//images/products/106/gallery/previews/saki-suspension-light-contemporary-lighting-design-6.jpg,https://www.brabbu.com/resources//images/products/106/gallery/previews/saki-suspension-light-contemporary-lighting-design-6.jpg,https://www.brabbu.com/resources//images/products/106/gallery/previews/saki-suspension-light-contemporary-lighting-design-6.jpg,https://www.brabbu.com/resources//images/products/106/gallery/previews/saki-suspension-light-contemporary-lighting-design-6.jpg,https://www.brabbu.com/resources//images/products/106/gallery/previews/saki-suspension-light-contemporary-lighting-design-6.jpg,,,https://www.brabbu.com/product/lighting/saki/suspension-light/,20/04/2023,brabbu
NAICCA CHANDELIER,NAICCA CHANDELIER,lighting,Suspension Lights,"





The allure of Mexico’s Giant Crystal Cave was the inspiration for the NAICCA Chandelier, a round chandelier that represents the legend of crystal origins. The aged brushed brass structure and the Quartz crystal diffuser merge to brighten any home decor. This round hanging ceiling light will make the finishing touch to your modern classic home design.




<br>",https://www.brabbu.com/resources/images/products/669/gallery/1_800x500.jpg,,,,,,,,,,https://www.youtube.com/embed/E6pzbsPdQOs?showinfo=0,IN STOCK,https://www.brabbu.com/home/product/lighting/naicca/chandelier,20/04/2023,brabbu
ABBEY SUSPENSION LIGHT,ABBEY SUSPENSION LIGHT,lighting,Suspension Lights,A memorable pendant light that counts with golden finishes and black matte to give it a twist. This luxurious modern pendant lamp will be giving life and a statement to your modern home decor.,https://www.brabbu.com/resources/images/products/825/gallery/01.jpg,,,,,,,,,,https://www.youtube.com/embed/gf_Tt02I2W4?showinfo=0,LEAD TIME: 4 TO 6 WEEKS,https://www.brabbu.com/home/product/lighting/abbey/suspension-light,20/04/2023,brabbu
ARETHA SUSPENSION LIGHT,ARETHA SUSPENSION LIGHT,lighting,Suspension Lights,"Drawing inspiration from one of the most acclaimed jazz singers of all time, DelightFULL’s designers created Aretha modern chandelier. It is a contemporary reinterpretation of mid-century lighting design classics that were used in the 50s and 60s. The body is 100% handmade in brass and the several bulb holders are made of aluminum. Nickel-plated is the standard finish for the body, while glossy white is used for the sockets.",https://www.brabbu.com/resources/images/products/853/gallery/01.jpg,,,,,,,,,,https://www.youtube.com/embed/gf_Tt02I2W4?showinfo=0,LEAD TIME: 4 TO 6 WEEKS,https://www.brabbu.com/home/product/lighting/aretha/suspension-light,20/04/2023,brabbu
CHARLES SUSPENSION LIGHT,CHARLES SUSPENSION LIGHT,lighting,Suspension Lights,"A revival of the mid-century modern design classics, Charles contemporary chandelier is a simple lighting design with a lot of character. It features 20 lampshades, all of them handmade in brass, with perforated details on the top. A copper plated finish is applied to the body of the lamp at the end of the process, creating a more contemporary vibe. The shades are lacquered a glossy black on the outside and a matte white on the inside, helping to create a more cozy light to the human eye. This copper pendant lighting can also be customized to have more shades, according to your needs. The right contemporary pendant light for a Scandinavian dining room, or a modern living room design.",https://www.brabbu.com/resources/images/products/861/gallery/01.jpg,,,,,,,,,,https://www.youtube.com/embed/gf_Tt02I2W4?showinfo=0,LEAD TIME: 4 TO 6 WEEKS,https://www.brabbu.com/home/product/lighting/charles/suspension-light,20/04/2023,brabbu
COLTRANE SUSPENSION LIGHT,COLTRANE SUSPENSION LIGHT,lighting,Suspension Lights,"Coltrane pendant lamp is one of DelightFULL’s top best sellers. With a minimalist and industrial feeling to it, it is not, however, hard to understand where the mid-century inspiration lies. Coltrane is a simple suspended ceiling light, which is handmade in steel. It features a steel cord and canopy at the top, while down below the tube is built out of stainless steel, with a gold powder finish. The shade is also made of steel but it is lacquered a matte gold on the outside and gold powder paint on the inside. An industrial pendant lighting design fit for the most demanding setting, with a seal of high-quality craftsmanship only delivered by the best artisans in the industry. Coltrane is a great mid-century modern lamp for more minimalist home interiors, as well as for contemporary hotel decor.",https://www.brabbu.com/resources/images/products/808/gallery/05.jpg,https://www.brabbu.com/resources/images/products/808/gallery/02.jpg,https://www.brabbu.com/resources/images/products/808/gallery/03.jpg,https://www.brabbu.com/resources/images/products/808/gallery/04.jpg,https://www.brabbu.com/resources/images/products/808/gallery/05.jpg,https://www.brabbu.com/resources/images/products/808/gallery/06.jpg,https://www.brabbu.com/resources/images/products/808/gallery/07.jpg,https://www.brabbu.com/resources/images/products/808/gallery/08.jpg,,,https://www.youtube.com/embed/gf_Tt02I2W4?showinfo=0,LEAD TIME: 4 TO 6 WEEKS,https://www.brabbu.com/home/product/lighting/coltrane/suspension-light,20/04/2023,brabbu
DUKE ROUND SUSPENSION LIGHT,DUKE ROUND SUSPENSION LIGHT,lighting,Suspension Lights,"Duke is a modern pendant lighting design that boasts a heavy nostalgic 70s groove vibe. Inspired by the simplicity of the 1970s, DelightFULL’s designers were able to create an iconic modern ceiling light that suits the most demanding setting. Produced in Portugal, it is handmade in brass and aluminum. The body, made of brass, has both a matte black and a gold-plated finish, while the shades are lacquered a glossy black on the outside. The inside is matte white, but it can also have a gold powder paint finish. It is a stunning bedroom ceiling light, but this large ceiling light can also be considered for other settings, such as a mid-century modern living room.",https://www.brabbu.com/resources/images/products/862/gallery/01.jpg,,,,,,,,,,https://www.youtube.com/embed/gf_Tt02I2W4?showinfo=0,LEAD TIME: 4 TO 6 WEEKS,https://www.brabbu.com/home/product/lighting/duke-round/suspension-light,20/04/2023,brabbu
ELLA SUSPENSION LIGHT,ELLA SUSPENSION LIGHT,lighting,Suspension Lights,"Ella round chandelier is a unique ceiling fixture which brings back the clean and sophisticated feelings of the mid-century modern era lived in the 1960’s Palm Springs. With a body 100% handmade in brass and its lampshades made of aluminum, this lighting design was reinvented using today’s technical skills paired with the traditional craftsmanship and know-how of some of the best Portuguese artisans. The body has a nickel plated finish, while the lampshades are lacquered a glossy black for a sleeker look. It is available both in the 6 or 15 arms versions. An iconic mid-century modern chandelier, perfect for a contemporary living room or dining area.",https://www.brabbu.com/resources/images/products/863/gallery/01.jpg,,,,,,,,,,https://www.youtube.com/embed/gf_Tt02I2W4?showinfo=0,LEAD TIME: 4 TO 6 WEEKS,https://www.brabbu.com/home/product/lighting/ella/suspension-light,20/04/2023,brabbu
EMPIRE SUSPENSION LIGHT,EMPIRE SUSPENSION LIGHT,lighting,Suspension Lights,"The Empire suspension light gets its inspiration from the Empire family’s first creation, the Empire chandelier. This exclusive fixture is made with one elegant layer of brass and crystal glass that will fit perfectly in any space. Designed by Luxxu",https://www.brabbu.com/resources/images/products/834/gallery/01.jpg,,,,,,,,,,https://www.youtube.com/embed/gf_Tt02I2W4?showinfo=0,LEAD TIME: 4 TO 6 WEEKS,https://www.brabbu.com/home/product/lighting/empire/suspension-light,20/04/2023,brabbu
IKE SUSPENSION LIGHT,IKE SUSPENSION LIGHT,lighting,Suspension Lights,"Ike suspension lamp has a distinctive but easily recognizable design, ideal for every single mid-century modern interior. With its clean lines, this suspension light is handmade in brass and aluminum and features a glossy black and gold plated finish, representing high-quality craftsmanship. It is 15 inches tall, but its steel cord can be customizable on purchase, being adjustable up to 39.4 inches. Highly recommended to use with a dimmer switch to cast a smoother light, this modern brass lamp is perfect as a dining room chandelier lighting or to be used in a hotel lobby.",https://www.brabbu.com/resources/images/products/809/gallery/01.jpg,,,,,,,,,,https://www.youtube.com/embed/gf_Tt02I2W4?showinfo=0,LEAD TIME: 4 TO 6 WEEKS,https://www.brabbu.com/home/product/lighting/ike/suspension-light,20/04/2023,brabbu
MARCUS SUSPENSION LIGHT,MARCUS SUSPENSION LIGHT,lighting,Suspension Lights,"A customizable piece, this modern lighting design fits in any modern style of home decor, suited for the most exquisite rooms. A clean-cut look with a timeless aesthetic, this modern suspension light is the suited one for a contemporary style decor as well as a modern lobby hotel design. Designed by Delightfull",https://www.brabbu.com/resources/images/products/842/gallery/01.jpg,https://www.brabbu.com/resources/images/products/842/gallery/02.jpg,https://www.brabbu.com/resources/images/products/842/gallery/03.jpg,https://www.brabbu.com/resources/images/products/842/gallery/04.jpg,,,,,,,https://www.youtube.com/embed/gf_Tt02I2W4?showinfo=0,LEAD TIME: 4 TO 6 WEEKS,https://www.brabbu.com/home/product/lighting/marcus/suspension-light,20/04/2023,brabbu
MCQUEEN ROUND SUSPENSION LIGHT,MCQUEEN ROUND SUSPENSION LIGHT,lighting,Suspension Lights,"Strengthening the experimentalism in this new design of McQueen’s collection, the approaches to the epitome of contemporary luxury are kept in the tradition of the jewelry artisans. Each sheet is made of hammered brass with a gold-plated ending and a rhythmic luminosity of the Swarovski crystals. Bring up a savage mind to a perfect modern lighting solution for common areas like dining rooms or in a hotel lobby.",https://www.brabbu.com/resources/images/products/797/gallery/01.jpg,,,,,,,,,,https://www.youtube.com/embed/gf_Tt02I2W4?showinfo=0,LEAD TIME: 4 TO 6 WEEKS,https://www.brabbu.com/home/product/lighting/mcqueen-round/suspension-light,20/04/2023,brabbu
PEARL SUSPENSION LIGHT,PEARL SUSPENSION LIGHT,lighting,Suspension Lights,"Owner of delicate beauty, Pearl suspension light is an extravagant shape full of refinement that can produce a special atmosphere by itself. It’s not just a metamorphosis of a jewelry piece formed within the shell, but also a transform into an exceptional piece of craftsman. Its essence is made of pearls and gold-plated brass.",https://www.brabbu.com/resources/images/products/816/gallery/02.jpg,https://www.brabbu.com/resources/images/products/816/gallery/02.jpg,https://www.brabbu.com/resources/images/products/816/gallery/03.jpg,https://www.brabbu.com/resources/images/products/816/gallery/04.jpg,https://www.brabbu.com/resources/images/products/816/gallery/05.jpg,,,,,,https://www.youtube.com/embed/gf_Tt02I2W4?showinfo=0,LEAD TIME: 4 TO 6 WEEKS,https://www.brabbu.com/home/product/lighting/pearl/suspension-light,20/04/2023,brabbu
VAUGHAN SUSPENSION LIGHT,VAUGHAN SUSPENSION LIGHT,lighting,Suspension Lights,"Aesthetically pleasing, the mid-century lighting design is the perfect choice for a modern dining room as well as a statement figure in a hospitality project. With intricate yet discreet details, this mid-century ceiling light will add a Hollywood glamour with its golden tones and contemporary aura. Vaughan mid-century design is the soothing and unexpected design piece into any project you see fit. Designed by Delightfull",https://www.brabbu.com/resources/images/products/843/gallery/01.jpg,https://www.brabbu.com/resources/images/products/843/gallery/02.jpg,https://www.brabbu.com/resources/images/products/843/gallery/03.jpg,https://www.brabbu.com/resources/images/products/843/gallery/04.jpg,,,,,,,https://www.youtube.com/embed/gf_Tt02I2W4?showinfo=0,LEAD TIME: 4 TO 6 WEEKS,https://www.brabbu.com/home/product/lighting/vaughan/suspension-light,20/04/2023,brabbu
BRUBECK CHANDELIER,BRUBECK CHANDELIER,lighting,Suspension Lights,"Dave Brubeck. This unique lighting design represents the sophistication and finesse of the American jazz pianist, displaying a very luxurious feeling. DelightFULL’s skilled artisans handmade this round chandelier in brass, covering it with a gold-plated finish, which can be customized in multiple other finishes. The result of this outstanding creation is a functional brass chandelier with sculptural shapes.",https://www.brabbu.com/resources/images/products/792/gallery/01.jpg,,,,,,,,,,https://www.youtube.com/embed/gf_Tt02I2W4?showinfo=0,LEAD TIME: 4 TO 6 WEEKS,https://www.brabbu.com/home/product/lighting/brubeck/chandelier,20/04/2023,brabbu
MCQUEEN CHANDELIER,MCQUEEN CHANDELIER,lighting,Suspension Lights,"This amazing chandelier is inspired by one of the most irreverent designers of all time, Alexander McQueen. He is known for his dramatic designs and fashion shows. This suspension light is as powerful as his exhibitions, combining the best luxury with the most exquisite handmade materials. Made with gold plated hammered brass, handmade butterflies and majestic flowers ending with the touch of beautiful Swarovski crystals. Bold and feminine, this creation is a real lumen sculpture.",https://www.brabbu.com/resources/images/products/794/gallery/01.jpg,,,,,,,,,,https://www.youtube.com/embed/gf_Tt02I2W4?showinfo=0,LEAD TIME: 4 TO 6 WEEKS,https://www.brabbu.com/home/product/lighting/mcqueen/chandelier,20/04/2023,brabbu
NIKU PENDANT LIGHT,NIKU PENDANT LIGHT,lighting,Pendant Lights,"
				<p>



Part of the Kiribati islands group, Nikumaroro is known for its incredible coral atoll. It is the beauty of its corals that make NIKU Pendant Light a rarity in contemporary lighting. Featuring a structure in gold plated brass, shaders in gold plated brass and glass, this modern pendant light will fill any home decor with exoticism.



<br></p>			",https://www.brabbu.com/resources/images/products/684/gallery/niku-pendant-1.jpg,https://www.brabbu.com/resources//images/products/684/gallery/previews/niku-pendant-3.jpg,https://www.brabbu.com/resources//images/products/684/gallery/previews/niku-pendant-4.jpg,https://www.brabbu.com/resources//images/products/684/gallery/previews/niku-pendant-4.jpg,https://www.brabbu.com/resources//images/products/684/gallery/previews/niku-pendant-4.jpg,https://www.brabbu.com/resources//images/products/684/gallery/previews/niku-pendant-4.jpg,https://www.brabbu.com/resources//images/products/684/gallery/previews/niku-pendant-4.jpg,https://www.brabbu.com/resources//images/products/684/gallery/previews/niku-pendant-4.jpg,https://www.brabbu.com/resources//images/products/684/gallery/previews/niku-pendant-4.jpg,https://www.brabbu.com/resources//images/products/684/gallery/previews/niku-pendant-4.jpg,,"
					In Stock				",https://www.brabbu.com/product/lighting/niku/pendant-light/,20/04/2023,brabbu
NAICCA PENDANT LIGHT,NAICCA PENDANT LIGHT,lighting,Pendant Lights,,https://www.brabbu.com/resources/images/products/355/gallery/1.jpg,,,,,,,,,,https://www.youtube.com/embed/sy7dce-fU6E?showinfo=0,LEAD TIME: 4 TO 6 WEEKS,https://www.brabbu.com/home/product/lighting/naicca/pendant-light,20/04/2023,brabbu
SAKI PENDANT LIGHT,SAKI PENDANT LIGHT,lighting,Pendant Lights,"
				<p></p><p></p>



Located in Japan, Sakishima Islands are part of the Ryukyu Islands chain. SAKI Pendant Light is a tribute to this unforgettable island group. This glossy brass pendant light is a remarkable lighting product that will create a warm and cosy modern interior design with an exotic touch.



<br><p></p>			",https://www.brabbu.com/resources/images/products/105/gallery/saki-brass-pendant-light-contemporary-lighting-design-1.jpg,https://www.brabbu.com/resources//images/products/105/gallery/previews/saki-brass-pendant-light-contemporary-lighting-design-2.jpg,https://www.brabbu.com/resources//images/products/105/gallery/previews/saki-brass-pendant-light-contemporary-lighting-design-3.jpg,https://www.brabbu.com/resources//images/products/105/gallery/previews/saki-brass-pendant-light-contemporary-lighting-design-3.jpg,https://www.brabbu.com/resources//images/products/105/gallery/previews/saki-brass-pendant-light-contemporary-lighting-design-3.jpg,https://www.brabbu.com/resources//images/products/105/gallery/previews/saki-brass-pendant-light-contemporary-lighting-design-3.jpg,https://www.brabbu.com/resources//images/products/105/gallery/previews/saki-brass-pendant-light-contemporary-lighting-design-3.jpg,https://www.brabbu.com/resources//images/products/105/gallery/previews/saki-brass-pendant-light-contemporary-lighting-design-3.jpg,https://www.brabbu.com/resources//images/products/105/gallery/previews/saki-brass-pendant-light-contemporary-lighting-design-3.jpg,https://www.brabbu.com/resources//images/products/105/gallery/previews/saki-brass-pendant-light-contemporary-lighting-design-3.jpg,,"
					In Stock				",https://www.brabbu.com/product/lighting/saki/pendant-light/,20/04/2023,brabbu
IKE PENDANT LIGHT,IKE PENDANT LIGHT,lighting,Pendant Lights,"This hanging light can be done in different shapes and dimensions, allowing you to personalized lighting ambiance and mood. Handmade in brass and aluminum, the glossy black finish and the copper accent deliver the perfect look. Ideal for industrial kitchens, dining rooms, restaurants, and bars, this copper pendant light also looks great as bathroom pendant lighting with mid-century modern decor. Therefore, Ike fits practically in every style, due to its sleek shape and minimalist design.",https://www.brabbu.com/resources/images/products/807/gallery/01.jpg,https://www.brabbu.com/resources/images/products/807/gallery/02.jpg,https://www.brabbu.com/resources/images/products/807/gallery/03.jpg,https://www.brabbu.com/resources/images/products/807/gallery/04.jpg,,,,,,,https://www.youtube.com/embed/gf_Tt02I2W4?showinfo=0,LEAD TIME: 4 TO 6 WEEKS,https://www.brabbu.com/home/product/lighting/ike/pendant-light,20/04/2023,brabbu
MCQUEEN PENDANT LIGHT,MCQUEEN PENDANT LIGHT,lighting,Pendant Lights,The McQueen pendant light presents a dramatic design tied by a simple string. Showing in all its details a contemporary romantic nature. Creates a boast and dainty ambience.,https://www.brabbu.com/resources/images/products/796/gallery/01.jpg,,,,,,,,,,https://www.youtube.com/embed/gf_Tt02I2W4?showinfo=0,LEAD TIME: 4 TO 6 WEEKS,https://www.brabbu.com/home/product/lighting/mcqueen/pendant-light,20/04/2023,brabbu
AMIK TABLE LIGHT,AMIK TABLE LIGHT,lighting,Table Lights,"
				<p></p><p></p>





Ojibwe is an indigenous language spoken by Canadian Natives and is rich in exquisite terms. Like amik, the word for beaver. AMIK Table Light reminds of a lacquered piece of wood scooped by beaver teeth. This modern table light fits perfectly as a bedside table light or as living room lighting.





<br><p></p>			",https://www.brabbu.com/resources/images/products/83/gallery/amik-modern-table-lamp-brass-lighting-design-by-brabbu-1.jpg,https://www.brabbu.com/resources//images/products/83/gallery/previews/amik-modern-table-lamp-brass-lighting-design-by-brabbu-2.jpg,https://www.brabbu.com/resources//images/products/83/gallery/previews/amik-modern-table-lamp-brass-lighting-design-by-brabbu-3.jpg,https://www.brabbu.com/resources//images/products/83/gallery/previews/amik-modern-table-lamp-brass-lighting-design-by-brabbu-3.jpg,https://www.brabbu.com/resources//images/products/83/gallery/previews/amik-modern-table-lamp-brass-lighting-design-by-brabbu-3.jpg,https://www.brabbu.com/resources//images/products/83/gallery/previews/amik-modern-table-lamp-brass-lighting-design-by-brabbu-3.jpg,https://www.brabbu.com/resources//images/products/83/gallery/previews/amik-modern-table-lamp-brass-lighting-design-by-brabbu-3.jpg,https://www.brabbu.com/resources//images/products/83/gallery/previews/amik-modern-table-lamp-brass-lighting-design-by-brabbu-3.jpg,https://www.brabbu.com/resources//images/products/83/gallery/previews/amik-modern-table-lamp-brass-lighting-design-by-brabbu-3.jpg,https://www.brabbu.com/resources//images/products/83/gallery/previews/amik-modern-table-lamp-brass-lighting-design-by-brabbu-3.jpg,,"
					In Stock				",https://www.brabbu.com/product/lighting/amik/table-light/,20/04/2023,brabbu
APACHE TABLE LIGHT,APACHE TABLE LIGHT,lighting,Table Lights,,https://www.brabbu.com/resources/images/products/84/gallery/APACHE%20Table%20Light_03.jpg,https://www.brabbu.com/resources/images/products/84/gallery/02.jpg,https://www.brabbu.com/resources/images/products/84/gallery/03.jpg,https://www.brabbu.com/resources/images/products/84/gallery/04.jpg,https://www.brabbu.com/resources/images/products/84/gallery/05.jpg,https://www.brabbu.com/resources/images/products/84/gallery/06.jpg,https://www.brabbu.com/resources/images/products/84/gallery/APACHE%20Table%20Light.jpg,https://www.brabbu.com/resources/images/products/84/gallery/APACHE%20Table%20Light_02.jpg,https://www.brabbu.com/resources/images/products/84/gallery/APACHE%20Table%20Light_03.jpg,https://www.brabbu.com/resources/images/products/84/gallery/APACHE%20Table%20Light_04.jpg,https://www.youtube.com/embed/sy7dce-fU6E?showinfo=0,IN STOCK,https://www.brabbu.com/home/product/lighting/apache/table-light,20/04/2023,brabbu
APIS TABLE LIGHT,APIS TABLE LIGHT,lighting,Table Lights,"Bees, originally called “Apis” in Latin, were the main inspiration for APIS Table Lamp. This modern table light features a brass cast base with a matte aged finish and the lampshade is in black lined fabric. APIS Table Lamp promises to enlighten every interior with its soothing light.",https://www.brabbu.com/resources/images/products/878/gallery/4.jpg,https://www.brabbu.com/resources/images/products/878/gallery/2.jpg,https://www.brabbu.com/resources/images/products/878/gallery/3.jpg,https://www.brabbu.com/resources/images/products/878/gallery/4.jpg,https://www.brabbu.com/resources/images/products/878/gallery/5.jpg,https://www.brabbu.com/resources/images/products/878/gallery/6.jpg,https://www.brabbu.com/resources/images/products/878/gallery/7.jpg,,,,https://www.youtube.com/embed/gf_Tt02I2W4?showinfo=0,LEAD TIME: 4 TO 6 WEEKS,https://www.brabbu.com/home/product/lighting/apis/table-light,20/04/2023,brabbu
CALLA TABLE LIGHT,CALLA TABLE LIGHT,lighting,Table Lights,,https://www.brabbu.com/resources/images/products/109/gallery/03.jpg,https://www.brabbu.com/resources/images/products/109/gallery/02.jpg,https://www.brabbu.com/resources/images/products/109/gallery/03.jpg,https://www.brabbu.com/resources/images/products/109/gallery/05.jpg,https://www.brabbu.com/resources/images/products/109/gallery/06.jpg,https://www.brabbu.com/resources/images/products/109/gallery/04.jpg,,,,,https://www.youtube.com/embed/_DUMuBGDsDA?showinfo=0,LEAD TIME: 4 TO 6 WEEKS,https://www.brabbu.com/home/product/lighting/calla/table-light,20/04/2023,brabbu
CYRUS TABLE LIGHT,CYRUS TABLE LIGHT,lighting,Table Lights,,https://www.brabbu.com/resources/images/products/110/gallery/CYRUS%20Table%20Light_06.jpg,https://www.brabbu.com/resources/images/products/110/gallery/01.jpg,https://www.brabbu.com/resources/images/products/110/gallery/05.jpg,https://www.brabbu.com/resources/images/products/110/gallery/06.jpg,https://www.brabbu.com/resources/images/products/110/gallery/03.jpg,https://www.brabbu.com/resources/images/products/110/gallery/04.jpg,https://www.brabbu.com/resources/images/products/110/gallery/07.jpg,https://www.brabbu.com/resources/images/products/110/gallery/08.jpg,https://www.brabbu.com/resources/images/products/110/gallery/CYRUS%20Table%20Light_02.jpg,https://www.brabbu.com/resources/images/products/110/gallery/CYRUS%20Table%20Light.jpg,https://www.youtube.com/embed/E6pzbsPdQOs?showinfo=0,IN STOCK,https://www.brabbu.com/home/product/lighting/cyrus/table-light,20/04/2023,brabbu
VELLUM TABLE LIGHT,VELLUM TABLE LIGHT,lighting,Table Lights,"
				<p></p><p></p>



In ancient manuscripts, messages were written on vellum, a fine and translucent material. Featuring a top in glossy hammered aged brass and a base in Nero Marquina marble, every story you create in your home will be highlighted by the warmth of VELLUM Table Light. Pair this brass and marble table light with an accent chair and relax with your latest read.



<br><p></p>			",https://www.brabbu.com/resources/images/products/353/gallery/vellum-table-light-1-540x505.jpg,https://www.brabbu.com/resources//images/products/353/gallery/previews/vellum-table-light-2-167x93.jpg,https://www.brabbu.com/resources//images/products/353/gallery/previews/vellum-table-light-3-167x93.jpg,https://www.brabbu.com/resources//images/products/353/gallery/previews/vellum-table-light-3-167x93.jpg,https://www.brabbu.com/resources//images/products/353/gallery/previews/vellum-table-light-3-167x93.jpg,https://www.brabbu.com/resources//images/products/353/gallery/previews/vellum-table-light-3-167x93.jpg,https://www.brabbu.com/resources//images/products/353/gallery/previews/vellum-table-light-3-167x93.jpg,https://www.brabbu.com/resources//images/products/353/gallery/previews/vellum-table-light-3-167x93.jpg,https://www.brabbu.com/resources//images/products/353/gallery/previews/vellum-table-light-3-167x93.jpg,https://www.brabbu.com/resources//images/products/353/gallery/previews/vellum-table-light-3-167x93.jpg,,"
					In Stock				",https://www.brabbu.com/product/lighting/vellum/table-light/,20/04/2023,brabbu
